Workbook

Sheet Datos_Ejemplo.csv
A1: PacienteID | B1: NombreCompleto | C1: FechaNacimiento | D1: Edad | E1: Genero | F1: Diagnostico | G1: FechaIngreso | H1: FechaAlta | I1: DiasHospitalizado | J1: SeguroMedico | K1: CostoEstimado_USD
A2: 1 | B2: Luisa HernÃ¡ndez | C2: 27395 | D2: 51 | E2: F | F2: COVID-19 | G2: 45634 | H2: 45712 | I2: 5 | K2: 16301.13
A3: 2 | B3: Pedro LÃ³pez | C3: 12419 | D3: 92 | E3: M | F3: NeumonÃ­a | G3: 45585 | H3: 45504 | I3: 18 | K3: 19622.52
A4: 3 | B4: Miguel MartÃ­nez | C4: 40909 | D4: 14 | E4: F | F4: Asma | G4: 45164 | H4: 45307 | I4: 5 | J4: Publico | K4: 13169.22
A5: 4 | B5: Ana PÃ©rez | C5: 20090 | D5: 71 | E5: M | F5: Diabetes | G5: 44939 | H5: 44948 | I5: 2 | J5: Publico | K5: 12458.69
A6: 5 | B6: Jorge SÃ¡nchez | C6: 24107 | D6: 60 | E6: M | G6: 45183 | H6: 45806 | I6: 18 | J6: N/A | K6: 6320.56
A7: 6 | B7: Juan MartÃ­nez | C7: 38717 | D7: 20 | E7: M | F7: Diabetes | G7: 45440 | H7: 45104 | I7: 24 | J7: Privado | K7: 310.31
A8: 7 | B8: Laura HernÃ¡ndez | D8: 82 | E8: M | G8: 45136 | H8: 45290 | I8: 35 | J8: Publico | K8: 3755.14
A9: 8 | B9: JosÃ© MartÃ­nez | C9: 14611 | D9: 86 | E9: F | F9: Asma | G9: 45410 | H9: 44949 | I9: 2 | J9: Publico | K9: 11647.05
A10: 9 | B10: Carlos MartÃ­nez | C10: 18994 | D10: 74 | E10: F | F10: NeumonÃ­a | G10: 45291 | H10: 45764 | I10: 18 | J10: N/A | K10: 2941.46
A11: 10 | B11: Jorge SÃ¡nchez | C11: 18994 | D11: 74 | E11: M | F11: NeumonÃ­a | G11: 45151 | H11: 45475 | I11: 5 | J11: Privado | K11: 17665.1
A12: 11 | B12: Ricardo GÃ³mez | C12: 14246 | D12: 87 | E12: F | F12: Diabetes | G12: 45120 | H12: 45177 | I12: 19 | J12: Privado | K12: 3681.71
A13: 12 | B13: JosÃ© Cruz | C13: 37622 | D13: 23 | E13: F | F13: NeumonÃ­a | G13: 45122 | H13: 45588 | I13: 15 | J13: Publico | K13: 10394.3
A14: 13 | B14: Pedro SÃ¡nchez | C14: 45292 | D14: 2 | E14: M | F14: Gripe | G14: 45326 | H14: 45000 | I14: 1 | J14: Privado | K14: 10191.47
A15: 14 | B15: Pedro RamÃ­rez | C15: 38352 | D15: 21 | E15: M | F15: Gripe | G15: 44983 | H15: 45018 | I15: 1 | J15: Privado | K15: 12039.31
A16: 15 | B16: Pedro HernÃ¡ndez | C16: 27029 | D16: 52 | G16: 45551 | H16: 45103 | I16: 34 | J16: Privado | K16: 6481.42
A17: 16 | B17: MarÃ­a GÃ³mez | C17: 45657 | D17: 1 | E17: F | F17: Asma | G17: 45139 | H17: 45053 | I17: 12 | K17: 17458.04
A18: 17 | B18: Pedro PÃ©rez | C18: 14246 | D18: 87 | F18: COVID-19 | G18: 45205 | H18: 45131 | I18: 35 | J18: Privado | K18: 8830.46
A19: 18 | B19: JosÃ© HernÃ¡ndez | C19: 35430 | D19: 29 | E19: M | F19: Gripe | G19: 45306 | H19: 45173 | I19: 24 | K19: 13973.09
A20: 19 | B20: Carmen LÃ³pez | C20: 32508 | D20: 37 | E20: F | G20: 45043 | H20: 45538 | I20: 18 | J20: Privado | K20: 12681.81
A21: 20 | B21: Jorge Morales | C21: 45657 | D21: 1 | E21: M | F21: NeumonÃ­a | G21: 45377 | H21: 45198 | I21: 1 | J21: Privado | K21: 2254.84
A22: 21 | B22: Carlos RodrÃ­guez | C22: 23012 | D22: 63 | E22: M | F22: Asma | G22: 45525 | H22: 44971 | I22: 8 | J22: Privado | K22: 12415.05
A23: 22 | B23: Laura PÃ©rez | C23: 24473 | D23: 59 | E23: F | G23: 45336 | H23: 45661 | I23: 16 | J23: Publico | K23: 10969.12
A24: 23 | B24: Carlos LÃ³pez | C24: 38717 | D24: 20 | E24: M | G24: 45293 | H24: 45536 | I24: 16 | J24: Publico | K24: 17961.94
A25: 24 | B25: Carmen MartÃ­nez | C25: 34334 | D25: 32 | E25: M | F25: Gripe | G25: 45039 | H25: 45475 | I25: 24 | K25: 17605.62
A26: 25 | B26: Carlos HernÃ¡ndez | C26: 18629 | D26: 75 | E26: M | F26: HipertensiÃ³n | G26: 45090 | H26: 45095 | I26: 37 | J26: Privado | K26: 2934.19
A27: 26 | B27: Carmen MartÃ­nez | C27: 25203 | D27: 57 | E27: M | F27: Asma | G27: 44930 | H27: 45362 | I27: 39 | K27: 1541.87
A28: 27 | B28: Carlos HernÃ¡ndez | C28: 38352 | D28: 21 | E28: F | F28: Diabetes | G28: 45556 | H28: 44957 | I28: 25 | J28: Privado | K28: 5821.3
A29: 28 | B29: JosÃ© SÃ¡nchez | C29: 13880 | D29: 88 | E29: F | G29: 44949 | H29: 45721 | I29: 2 | J29: N/A | K29: 19730.92
A30: 29 | B30: MarÃ­a PÃ©rez | D30: 48 | E30: M | F30: Gripe | G30: 45528 | H30: 45524 | I30: 22 | K30: 333.63
A31: 30 | B31: Ana RamÃ­rez | C31: 13150 | D31: 90 | E31: M | F31: Diabetes | G31: 45018 | H31: 45284 | I31: 0 | J31: Publico | K31: 13425.13
A32: 31 | B32: Laura Morales | C32: 24838 | D32: 58 | E32: M | F32: Asma | G32: 45395 | H32: 45418 | I32: 23 | J32: N/A | K32: 12131.13
A33: 32 | B33: Carlos RodrÃ­guez | C33: 31047 | D33: 41 | E33: F | F33: Gripe | G33: 45081 | H33: 45560 | I33: 7 | J33: Publico | K33: 12896.22
A34: 33 | B34: Luis MartÃ­nez | C34: 12785 | D34: 91 | E34: M | F34: Diabetes | G34: 45553 | H34: 45726 | I34: 21 | J34: N/A | K34: 4287.55
A35: 34 | B35: Elena Morales | C35: 24473 | D35: 59 | E35: F | F35: COVID-19 | G35: 45133 | H35: 45175 | I35: 26 | J35: N/A | K35: 4457.02
A36: 35 | B36: Carlos Cruz | C36: 17168 | D36: 79 | E36: M | G36: 45007 | H36: 45623 | I36: 4 | J36: N/A | K36: 8555.91
A37: 36 | B37: Ana RodrÃ­guez | C37: 40909 | D37: 14 | E37: M | F37: COVID-19 | G37: 45541 | H37: 45180 | I37: 20 | K37: 1826.74
A38: 37 | B38: Carmen GÃ³mez | C38: 23742 | D38: 61 | E38: F | F38: HipertensiÃ³n | G38: 45409 | H38: 45712 | I38: 24 | K38: 1399.73
A39: 38 | B39: Miguel Cruz | C39: 23742 | D39: 61 | E39: F | F39: NeumonÃ­a | G39: 45518 | H39: 45648 | I39: 39 | J39: Publico | K39: 1676.03
A40: 39 | B40: Ana RodrÃ­guez | C40: 29221 | D40: 46 | E40: M | F40: Asma | G40: 45333 | H40: 45793 | I40: 6 | K40: 11416.88
A41: 40 | B41: Luisa SÃ¡nchez | C41: 23742 | E41: F | F41: NeumonÃ­a | G41: 45029 | H41: 45309 | I41: 0 | J41: Publico | K41: 7894.61
A42: 41 | B42: Carmen GÃ³mez | C42: 27760 | D42: 50 | E42: F | F42: NeumonÃ­a | G42: 45166 | H42: 45463 | I42: 10 | J42: Privado | K42: 5801.7
A43: 42 | B43: Luisa MartÃ­nez | C43: 26299 | D43: 54 | E43: F | F43: Diabetes | G43: 45191 | H43: 45561 | I43: 3 | J43: Publico | K43: 6247.97
A44: 43 | B44: Laura MartÃ­nez | C44: 23012 | D44: 63 | E44: F | F44: HipertensiÃ³n | G44: 44959 | H44: 45664 | I44: 35 | J44: Publico | K44: 4066.39
A45: 44 | B45: Carlos MartÃ­nez | C45: 45292 | D45: 2 | E45: F | F45: Asma | G45: 44961 | H45: 45825 | I45: 18 | K45: 8171.26
A46: 45 | B46: Jorge GÃ³mez | C46: 27760 | D46: 50 | F46: COVID-19 | G46: 45175 | H46: 45346 | I46: 16 | J46: Publico | K46: 3981.47
A47: 46 | B47: Ana HernÃ¡ndez | C47: 43831 | D47: 6 | E47: M | F47: NeumonÃ­a | G47: 44976 | H47: 45050 | I47: 22 | K47: 13930.73
A48: 47 | B48: Juan Morales | C48: 38717 | D48: 20 | E48: F | F48: Diabetes | G48: 45206 | H48: 45221 | I48: 36 | J48: Publico | K48: 2391.04
A49: 48 | B49: Ana HernÃ¡ndez | C49: 19724 | D49: 72 | E49: M | F49: NeumonÃ­a | G49: 45078 | H49: 45612 | I49: 1 | J49: Privado | K49: 18959.67
A50: 49 | B50: SofÃ­a GÃ³mez | C50: 32143 | D50: 38 | E50: M | F50: Gripe | G50: 45585 | H50: 45070 | I50: 19 | K50: 1705.36
A51: 50 | B51: Carmen RamÃ­rez | C51: 39813 | E51: M | F51: COVID-19 | G51: 45477 | H51: 45826 | I51: 2 | K51: 18863.56
A52: 51 | B52: JosÃ© GÃ³mez | C52: 44927 | D52: 3 | E52: M | F52: NeumonÃ­a | G52: 45627 | H52: 45438 | I52: -2 | J52: Privado | K52: 16649.23
A53: 52 | B53: Pedro RamÃ­rez | C53: 13880 | D53: 88 | E53: F | F53: Gripe | G53: 45463 | H53: 45608 | I53: 14 | K53: 13582.31
A54: 53 | B54: Carmen MartÃ­nez | C54: 24473 | D54: 59 | E54: F | F54: Gripe | G54: 45156 | H54: 44984 | I54: 6 | J54: Publico | K54: 18237.26
A55: 54 | B55: Jorge MartÃ­nez | C55: 41274 | D55: 13 | E55: F | F55: Diabetes | G55: 45591 | H55: 44969 | I55: 6 | J55: N/A | K55: 2698.3
A56: 55 | B56: Luisa Cruz | C56: 43100 | D56: 8 | E56: M | F56: Diabetes | G56: 45214 | H56: 45748 | I56: 21 | K56: 3443.93
A57: 56 | B57: Carmen Cruz | C57: 13515 | D57: 89 | E57: M | F57: Gripe | G57: 45321 | H57: 45558 | I57: 7 | J57: N/A | K57: 4968.27
A58: 57 | B58: SofÃ­a HernÃ¡ndez | C58: 27029 | D58: 52 | E58: F | F58: HipertensiÃ³n | G58: 45379 | H58: 45048 | I58: 17 | J58: Publico | K58: 4820.71
A59: 58 | B59: Miguel HernÃ¡ndez | C59: 45657 | D59: 1 | E59: M | F59: NeumonÃ­a | G59: 45546 | H59: 45751 | I59: 14 | J59: Privado | K59: 6148.05
A60: 59 | B60: Carlos PÃ©rez | C60: 15707 | D60: 83 | E60: F | F60: Gripe | G60: 44959 | H60: 45690 | I60: 10 | K60: 11470.18
A61: 60 | B61: Luisa LÃ³pez | C61: 12785 | D61: 91 | E61: F | F61: Gripe | G61: 45289 | H61: 45270 | I61: 26 | J61: N/A | K61: 466.27
A62: 61 | B62: Juan SÃ¡nchez | C62: 24473 | D62: 59 | E62: F | F62: Diabetes | G62: 45037 | H62: 45259 | I62: 33 | J62: Privado | K62: 7583.68
A63: 62 | B63: Jorge HernÃ¡ndez | C63: 20455 | D63: 70 | E63: F | F63: NeumonÃ­a | G63: 45047 | H63: 45383 | I63: 20 | J63: Privado | K63: 4852.34
A64: 63 | B64: JosÃ© GÃ³mez | C64: 30317 | D64: 43 | E64: F | F64: Asma | G64: 44942 | H64: 45364 | I64: 24 | K64: 12093.26
A65: 64 | B65: Laura PÃ©rez | C65: 43466 | D65: 7 | E65: M | F65: COVID-19 | G65: 45449 | H65: 45268 | I65: 15 | J65: N/A | K65: 19701.9
A66: 65 | B66: Elena GÃ³mez | C66: 29221 | E66: F | F66: Diabetes | G66: 45641 | H66: 45268 | I66: 15 | K66: 10304.86
A67: 66 | B67: Ana GÃ³mez | C67: 33604 | E67: M | F67: NeumonÃ­a | G67: 45640 | H67: 45343 | I67: 6 | J67: Publico | K67: 8456.27
A68: 67 | B68: Juan RamÃ­rez | C68: 17898 | D68: 77 | E68: M | F68: NeumonÃ­a | G68: 45024 | H68: 45776 | I68: 0 | J68: Privado | K68: 7301.7
A69: 68 | B69: Carmen SÃ¡nchez | C69: 16802 | D69: 80 | E69: M | G69: 45042 | H69: 45109 | I69: 4 | J69: N/A | K69: 15677.48
A70: 69 | B70: JosÃ© LÃ³pez | C70: 33239 | D70: 35 | E70: F | F70: HipertensiÃ³n | G70: 45397 | H70: 45604 | I70: 12 | K70: 1346.82
A71: 70 | B71: Ricardo HernÃ¡ndez | C71: 28125 | D71: 49 | E71: M | F71: COVID-19 | G71: 45365 | H71: 45191 | I71: 27 | J71: Privado | K71: 19191.39
A72: 71 | B72: Carlos SÃ¡nchez | C72: 44927 | D72: 3 | E72: M | F72: Diabetes | G72: 45207 | H72: 45137 | I72: 6 | K72: 8300.15
A73: 72 | B73: Miguel GÃ³mez | C73: 45657 | D73: 1 | E73: M | F73: Diabetes | G73: 45275 | H73: 45450 | I73: 38 | J73: N/A | K73: 6205.38
A74: 73 | B74: Luis PÃ©rez | C74: 44196 | D74: 5 | E74: F | F74: Asma | G74: 45158 | H74: 45109 | I74: 24 | J74: Publico | K74: 19478.77
A75: 74 | B75: JosÃ© GÃ³mez | C75: 26664 | D75: 53 | E75: F | G75: 45037 | H75: 45371 | I75: 33 | J75: Publico | K75: 18711.17
A76: 75 | B76: Ana HernÃ¡ndez | C76: 44927 | D76: 3 | E76: F | G76: 45278 | H76: 45178 | I76: 15 | J76: Publico | K76: 12802.88
A77: 76 | B77: Miguel SÃ¡nchez | C77: 26664 | D77: 53 | E77: F | F77: HipertensiÃ³n | G77: 44938 | H77: 45065 | I77: 28 | K77: 272
A78: 77 | B78: Jorge SÃ¡nchez | C78: 12419 | D78: 92 | E78: M | G78: 45414 | H78: 45145 | I78: 14 | J78: Privado | K78: 14945.55
A79: 78 | B79: Carmen HernÃ¡ndez | C79: 23377 | D79: 62 | E79: M | F79: HipertensiÃ³n | G79: 45459 | H79: 45678 | I79: 3 | J79: Publico | K79: 6644.7
A80: 79 | B80: Ana SÃ¡nchez | C80: 39813 | D80: 17 | E80: F | F80: NeumonÃ­a | G80: 45565 | H80: 45381 | I80: 36 | J80: Publico | K80: 7704.43
A81: 80 | B81: Elena SÃ¡nchez | C81: 13515 | D81: 89 | E81: M | F81: NeumonÃ­a | G81: 45211 | H81: 45810 | I81: 22 | J81: Publico | K81: 3090.72
A82: 81 | B82: Miguel PÃ©rez | C82: 30317 | D82: 43 | E82: M | F82: Diabetes | G82: 45559 | H82: 45776 | I82: 39 | J82: Publico | K82: 10421.51
A83: 82 | B83: Ana LÃ³pez | C83: 33969 | E83: M | F83: Asma | G83: 45562 | H83: 45014 | I83: 39 | J83: N/A | K83: 14865.51
A84: 83 | B84: Luisa RamÃ­rez | C84: 19359 | D84: 73 | E84: F | F84: Diabetes | G84: 45471 | H84: 45737 | I84: 35 | J84: N/A | K84: 5387.52
A85: 84 | B85: Elena SÃ¡nchez | C85: 23742 | D85: 61 | E85: M | G85: 45318 | H85: 45220 | I85: 35 | J85: Privado | K85: 18768.53
A86: 85 | B86: Carmen MartÃ­nez | C86: 41274 | D86: 13 | E86: F | F86: Gripe | G86: 45096 | H86: 45019 | I86: 28 | J86: N/A | K86: 3814.21
A87: 86 | B87: Luisa SÃ¡nchez | C87: 11689 | D87: 94 | E87: M | F87: NeumonÃ­a | G87: 45003 | H87: 45135 | I87: 26 | J87: N/A | K87: 1231.87
A88: 87 | B88: Laura Cruz | C88: 28856 | D88: 47 | E88: F | F88: Gripe | G88: 45223 | H88: 45131 | I88: 37 | J88: N/A | K88: 12851.71
A89: 88 | B89: Carlos RodrÃ­guez | C89: 40909 | D89: 14 | E89: M | G89: 45256 | H89: 45113 | I89: 6 | K89: 16971.31
A90: 89 | B90: Ana MartÃ­nez | C90: 20090 | D90: 71 | E90: M | F90: Asma | G90: 44989 | H90: 45012 | I90: -2 | J90: N/A | K90: 19057.97
A91: 90 | B91: Miguel PÃ©rez | C91: 17898 | D91: 77 | E91: M | F91: Diabetes | G91: 45196 | H91: 45754 | I91: 13 | K91: 15320.14
A92: 91 | B92: Laura RamÃ­rez | C92: 14611 | D92: 86 | E92: F | F92: NeumonÃ­a | G92: 45142 | H92: 45591 | I92: 35 | K92: 3912.97
A93: 92 | B93: SofÃ­a SÃ¡nchez | C93: 23742 | D93: 61 | E93: M | F93: Asma | G93: 45116 | H93: 45083 | I93: 20 | J93: N/A | K93: 19550.99
A94: 93 | B94: Laura MartÃ­nez | C94: 31778 | D94: 39 | E94: F | F94: Diabetes | G94: 45001 | H94: 45220 | I94: 5 | K94: 18380.66
A95: 94 | B95: Ricardo LÃ³pez | C95: 15341 | D95: 84 | E95: F | F95: Diabetes | G95: 45612 | H95: 45460 | I95: 9 | J95: Publico | K95: 3179.67
A96: 95 | B96: Jorge RamÃ­rez | C96: 17168 | D96: 79 | E96: F | F96: Gripe | G96: 45436 | H96: 45088 | I96: 7 | J96: Privado | K96: 11131.6
A97: 96 | B97: Luis RamÃ­rez | C97: 16437 | D97: 81 | E97: M | F97: COVID-19 | G97: 45505 | H97: 45313 | I97: 13 | J97: N/A | K97: 11065.9
A98: 97 | B98: Jorge PÃ©rez | C98: 27029 | D98: 52 | E98: M | G98: 45019 | H98: 45412 | I98: 21 | J98: N/A | K98: 8794.95
A99: 98 | B99: Juan Morales | C99: 37622 | D99: 23 | E99: M | F99: HipertensiÃ³n | G99: 44979 | H99: 45430 | I99: 36 | J99: Privado | K99: 19684.05
A100: 99 | B100: Ricardo RodrÃ­guez | C100: 36891 | D100: 25 | E100: F | F100: NeumonÃ­a | G100: 45422 | H100: 45778 | I100: 5 | J100: N/A | K100: 1098.41
...

Sheet Errores
B2: Errores encontrados
A5: Columna | B5: Tipo de error | C5: Acción sugerida
A6: FechaNacimiento | B6: Valores faltantes | C6: Revisar o calcular con Edad
A7: Edad | B7: Valores faltantes | C7: Calcular desde FechaNacimiento
A8: Genero | B8: Valores faltantes | C8: Marcar como No especificado
A9: Diagnostico | B9: Valores faltantes | C9: Marcar como No registrado
A10: SeguroMedico | B10: Valores faltantes | C10: Marcar como N/A
A11: FechaAlta / FechaIngreso | B11: FechaAlta antes de FechaIngreso | C11: Revisar inconsistencia
A12: DiasHospitalizado | B12: No coincide con diferencia entre fechas | C12: Recalcular con fechas
A13: PacienteID | B13: Duplicados | C13: Sin acción
A14: Filas completas | B14: Duplicados | C14: Sin acción
A15: Edad / FechaNacimiento | B15: Edad extrema o fecha estimada inválida | C15: Revisar, no corregir sin fuente confiable
A16: NombreCompleto / Diagnostico | B16: Texto mal codificado | C16: Revisar tildes y caracteres especiales
A17: CostoEstimado_USD | B17: Formato de dato inconsistente | C17: Aplicar formato moneda USD y verificar que sea numérico

Sheet Correcciones
C2: Correcciones
A5: Columna | B5: Tipo de corrección | C5: Valor original | D5: Valor corregido | E5: Motivo
A6: Edad | B6: Imputación | C6: Vacío | D6: Calculado con DATEDIF | E6: Se calculó desde FechaNacimiento
A7: Genero | B7: Relleno | C7: Vacío | D7: No especificado | E7: No había información
A8: Diagnostico | B8: Relleno | C8: Vacío | D8: No registrado | E8: Dato médico faltante
A9: SeguroMedico | B9: Relleno | C9: Vacío | D9: N/A | E9: No aplica o no registrado
A10: FechaAlta | B10: Corrección lógica | C10: FechaAlta antes de FechaIngreso | D10: FechaIngreso + DiasHospitalizado | E10: Se recalculó la fecha de alta usando la duración hospitalaria registrada
A11: DiasHospitalizado | B11: Recalculado | C11: Valores negativos/incoherentes | D11: Valor absoluto de los días hospitalizados | | E11: Se corrigieron valores negativos para mantener una duración válida
A12: FechaNacimiento | B12: Imputación aproximada | C12: Vacío | D12: Estimada con Edad | E12: Se usó 1/1 del año estimado porque no había fecha exacta
A13: NombreCompleto | B13: Corrección de codificación | C13: Caracteres extraños (ej: RamÃ­rez) | D13: Pendiente o corregido parcialmente | E13: Problema de acentos/tildes por codificación CSV
A14: Diagnostico | B14: Corrección de codificación | C14: Caracteres extraños (ej: NeumonÃ­a) | D14: Pendiente o corregido parcialmente | E14: Problema de acentos/tildes por codificación CSV
A15: CostoEstimado_USD | B15: Formato de dato | C15: Número sin formato de moneda | D15: Formato Currency USD | E15: Se estandarizó como moneda
A16: Filas completas | B16: Verificación | C16: Sin duplicados | D16: No aplica | E16: No se encontraron registros duplicados

Sheet Datos_Corregidos
A1: PacienteID | B1: NombreCompleto | C1: FechaNacimiento | D1: Edad | E1: Genero | F1: Diagnostico | G1: FechaIngreso | H1: FechaAlta | I1: DiasHospitalizado | J1: SeguroMedico | K1: CostoEstimado_USD | L1: ValidacionFechas | M1: DiasOriginal | N1: DiasNuevo | O1: FechaAltaNueva
A2: 1 | B2: Luisa Hernández | C2: 27395 | D2: 51 | E2: F | F2: COVID-19 | G2: 45634 | H2: =TablaDatos[[#This Row],[FechaIngreso]]+TablaDatos[[#This Row],[DiasNuevo]] -> 45639 | I2: 5 | J2: N/A | K2: 16301.13 | L2: =TablaDatos[[#This Row],[FechaAlta]] < TablaDatos[[#This Row],[FechaIngreso]] -> FALSE | M2: =_xlfn.XLOOKUP(TablaDatos[[#This Row],[PacienteID]],'Datos_Ejemplo.csv'!A:A,'Datos_Ejemplo.csv'!I:I) -> 5 | N2: =ABS(TablaDatos[[#This Row],[DiasOriginal]]) -> 5 | O2: =TablaDatos[[#This Row],[FechaIngreso]]+TablaDatos[[#This Row],[DiasNuevo]] -> 45639
A3: 2 | B3: Pedro López | C3: 12419 | D3: 92 | E3: M | F3: Neumonía | G3: 45585 | H3: =TablaDatos[[#This Row],[FechaIngreso]]+TablaDatos[[#This Row],[DiasNuevo]] -> 45603 | I3: 18 | J3: N/A | K3: 19622.52 | L3: =TablaDatos[[#This Row],[FechaAlta]] < TablaDatos[[#This Row],[FechaIngreso]] -> FALSE | M3: =_xlfn.XLOOKUP(TablaDatos[[#This Row],[PacienteID]],'Datos_Ejemplo.csv'!A:A,'Datos_Ejemplo.csv'!I:I) -> 18 | N3: =ABS(TablaDatos[[#This Row],[DiasOriginal]]) -> 18 | O3: =TablaDatos[[#This Row],[FechaIngreso]]+TablaDatos[[#This Row],[DiasNuevo]] -> 45603
A4: 3 | B4: Miguel Martínez | C4: 40909 | D4: 14 | E4: F | F4: Asma | G4: 45164 | H4: =TablaDatos[[#This Row],[FechaIngreso]]+TablaDatos[[#This Row],[DiasNuevo]] -> 45169 | I4: 5 | J4: Publico | K4: 13169.22 | L4: =TablaDatos[[#This Row],[FechaAlta]] < TablaDatos[[#This Row],[FechaIngreso]] -> FALSE | M4: =_xlfn.XLOOKUP(TablaDatos[[#This Row],[PacienteID]],'Datos_Ejemplo.csv'!A:A,'Datos_Ejemplo.csv'!I:I) -> 5 | N4: =ABS(TablaDatos[[#This Row],[DiasOriginal]]) -> 5 | O4: =TablaDatos[[#This Row],[FechaIngreso]]+TablaDatos[[#This Row],[DiasNuevo]] -> 45169
A5: 4 | B5: Ana Pérez | C5: 20090 | D5: 71 | E5: M | F5: Diabetes | G5: 44939 | H5: =TablaDatos[[#This Row],[FechaIngreso]]+TablaDatos[[#This Row],[DiasNuevo]] -> 44941 | I5: 2 | J5: Publico | K5: 12458.69 | L5: =TablaDatos[[#This Row],[FechaAlta]] < TablaDatos[[#This Row],[FechaIngreso]] -> FALSE | M5: =_xlfn.XLOOKUP(TablaDatos[[#This Row],[PacienteID]],'Datos_Ejemplo.csv'!A:A,'Datos_Ejemplo.csv'!I:I) -> 2 | N5: =ABS(TablaDatos[[#This Row],[DiasOriginal]]) -> 2 | O5: =TablaDatos[[#This Row],[FechaIngreso]]+TablaDatos[[#This Row],[DiasNuevo]] -> 44941
A6: 5 | B6: Jorge Sánchez | C6: 24107 | D6: 60 | E6: M | F6: No registrado | G6: 45183 | H6: =TablaDatos[[#This Row],[FechaIngreso]]+TablaDatos[[#This Row],[DiasNuevo]] -> 45201 | I6: 18 | J6: N/A | K6: 6320.56 | L6: =TablaDatos[[#This Row],[FechaAlta]] < TablaDatos[[#This Row],[FechaIngreso]] -> FALSE | M6: =_xlfn.XLOOKUP(TablaDatos[[#This Row],[PacienteID]],'Datos_Ejemplo.csv'!A:A,'Datos_Ejemplo.csv'!I:I) -> 18 | N6: =ABS(TablaDatos[[#This Row],[DiasOriginal]]) -> 18 | O6: =TablaDatos[[#This Row],[FechaIngreso]]+TablaDatos[[#This Row],[DiasNuevo]] -> 45201
A7: 6 | B7: Juan Martínez | C7: 38717 | D7: 20 | E7: M | F7: Diabetes | G7: 45440 | H7: =TablaDatos[[#This Row],[FechaIngreso]]+TablaDatos[[#This Row],[DiasNuevo]] -> 45464 | I7: 24 | J7: Privado | K7: 310.31 | L7: =TablaDatos[[#This Row],[FechaAlta]] < TablaDatos[[#This Row],[FechaIngreso]] -> FALSE | M7: =_xlfn.XLOOKUP(TablaDatos[[#This Row],[PacienteID]],'Datos_Ejemplo.csv'!A:A,'Datos_Ejemplo.csv'!I:I) -> 24 | N7: =ABS(TablaDatos[[#This Row],[DiasOriginal]]) -> 24 | O7: =TablaDatos[[#This Row],[FechaIngreso]]+TablaDatos[[#This Row],[DiasNuevo]] -> 45464
A8: 7 | B8: Laura Hernández | C8: =DATE(YEAR(TODAY())-TablaDatos[[#This Row],[Edad]],1,1) -> 16072 | D8: 82 | E8: M | F8: No registrado | G8: 45136 | H8: =TablaDatos[[#This Row],[FechaIngreso]]+TablaDatos[[#This Row],[DiasNuevo]] -> 45171 | I8: 35 | J8: Publico | K8: 3755.14 | L8: =TablaDatos[[#This Row],[FechaAlta]] < TablaDatos[[#This Row],[FechaIngreso]] -> FALSE | M8: =_xlfn.XLOOKUP(TablaDatos[[#This Row],[PacienteID]],'Datos_Ejemplo.csv'!A:A,'Datos_Ejemplo.csv'!I:I) -> 35 | N8: =ABS(TablaDatos[[#This Row],[DiasOriginal]]) -> 35 | O8: =TablaDatos[[#This Row],[FechaIngreso]]+TablaDatos[[#This Row],[DiasNuevo]] -> 45171
A9: 8 | B9: José Martínez | C9: 14611 | D9: 86 | E9: F | F9: Asma | G9: 45410 | H9: =TablaDatos[[#This Row],[FechaIngreso]]+TablaDatos[[#This Row],[DiasNuevo]] -> 45412 | I9: 2 | J9: Publico | K9: 11647.05 | L9: =TablaDatos[[#This Row],[FechaAlta]] < TablaDatos[[#This Row],[FechaIngreso]] -> FALSE | M9: =_xlfn.XLOOKUP(TablaDatos[[#This Row],[PacienteID]],'Datos_Ejemplo.csv'!A:A,'Datos_Ejemplo.csv'!I:I) -> 2 | N9: =ABS(TablaDatos[[#This Row],[DiasOriginal]]) -> 2 | O9: =TablaDatos[[#This Row],[FechaIngreso]]+TablaDatos[[#This Row],[DiasNuevo]] -> 45412
A10: 9 | B10: Carlos Martínez | C10: 18994 | D10: 74 | E10: F | F10: Neumonía | G10: 45291 | H10: =TablaDatos[[#This Row],[FechaIngreso]]+TablaDatos[[#This Row],[DiasNuevo]] -> 45309 | I10: 18 | J10: N/A | K10: 2941.46 | L10: =TablaDatos[[#This Row],[FechaAlta]] < TablaDatos[[#This Row],[FechaIngreso]] -> FALSE | M10: =_xlfn.XLOOKUP(TablaDatos[[#This Row],[PacienteID]],'Datos_Ejemplo.csv'!A:A,'Datos_Ejemplo.csv'!I:I) -> 18 | N10: =ABS(TablaDatos[[#This Row],[DiasOriginal]]) -> 18 | O10: =TablaDatos[[#This Row],[FechaIngreso]]+TablaDatos[[#This Row],[DiasNuevo]] -> 45309
A11: 10 | B11: Jorge Sánchez | C11: 18994 | D11: 74 | E11: M | F11: Neumonía | G11: 45151 | H11: =TablaDatos[[#This Row],[FechaIngreso]]+TablaDatos[[#This Row],[DiasNuevo]] -> 45156 | I11: 5 | J11: Privado | K11: 17665.1 | L11: =TablaDatos[[#This Row],[FechaAlta]] < TablaDatos[[#This Row],[FechaIngreso]] -> FALSE | M11: =_xlfn.XLOOKUP(TablaDatos[[#This Row],[PacienteID]],'Datos_Ejemplo.csv'!A:A,'Datos_Ejemplo.csv'!I:I) -> 5 | N11: =ABS(TablaDatos[[#This Row],[DiasOriginal]]) -> 5 | O11: =TablaDatos[[#This Row],[FechaIngreso]]+TablaDatos[[#This Row],[DiasNuevo]] -> 45156
A12: 11 | B12: Ricardo Gómez | C12: 14246 | D12: 87 | E12: F | F12: Diabetes | G12: 45120 | H12: =TablaDatos[[#This Row],[FechaIngreso]]+TablaDatos[[#This Row],[DiasNuevo]] -> 45139 | I12: 19 | J12: Privado | K12: 3681.71 | L12: =TablaDatos[[#This Row],[FechaAlta]] < TablaDatos[[#This Row],[FechaIngreso]] -> FALSE | M12: =_xlfn.XLOOKUP(TablaDatos[[#This Row],[PacienteID]],'Datos_Ejemplo.csv'!A:A,'Datos_Ejemplo.csv'!I:I) -> 19 | N12: =ABS(TablaDatos[[#This Row],[DiasOriginal]]) -> 19 | O12: =TablaDatos[[#This Row],[FechaIngreso]]+TablaDatos[[#This Row],[DiasNuevo]] -> 45139
A13: 12 | B13: José Cruz | C13: 37622 | D13: 23 | E13: F | F13: Neumonía | G13: 45122 | H13: =TablaDatos[[#This Row],[FechaIngreso]]+TablaDatos[[#This Row],[DiasNuevo]] -> 45137 | I13: 15 | J13: Publico | K13: 10394.3 | L13: =TablaDatos[[#This Row],[FechaAlta]] < TablaDatos[[#This Row],[FechaIngreso]] -> FALSE | M13: =_xlfn.XLOOKUP(TablaDatos[[#This Row],[PacienteID]],'Datos_Ejemplo.csv'!A:A,'Datos_Ejemplo.csv'!I:I) -> 15 | N13: =ABS(TablaDatos[[#This Row],[DiasOriginal]]) -> 15 | O13: =TablaDatos[[#This Row],[FechaIngreso]]+TablaDatos[[#This Row],[DiasNuevo]] -> 45137
A14: 13 | B14: Pedro Sánchez | C14: 45292 | D14: 2 | E14: M | F14: Gripe | G14: 45326 | H14: =TablaDatos[[#This Row],[FechaIngreso]]+TablaDatos[[#This Row],[DiasNuevo]] -> 45327 | I14: 1 | J14: Privado | K14: 10191.47 | L14: =TablaDatos[[#This Row],[FechaAlta]] < TablaDatos[[#This Row],[FechaIngreso]] -> FALSE | M14: =_xlfn.XLOOKUP(TablaDatos[[#This Row],[PacienteID]],'Datos_Ejemplo.csv'!A:A,'Datos_Ejemplo.csv'!I:I) -> 1 | N14: =ABS(TablaDatos[[#This Row],[DiasOriginal]]) -> 1 | O14: =TablaDatos[[#This Row],[FechaIngreso]]+TablaDatos[[#This Row],[DiasNuevo]] -> 45327
A15: 14 | B15: Pedro Ramírez | C15: 38352 | D15: 21 | E15: M | F15: Gripe | G15: 44983 | H15: =TablaDatos[[#This Row],[FechaIngreso]]+TablaDatos[[#This Row],[DiasNuevo]] -> 44984 | I15: 1 | J15: Privado | K15: 12039.31 | L15: =TablaDatos[[#This Row],[FechaAlta]] < TablaDatos[[#This Row],[FechaIngreso]] -> FALSE | M15: =_xlfn.XLOOKUP(TablaDatos[[#This Row],[PacienteID]],'Datos_Ejemplo.csv'!A:A,'Datos_Ejemplo.csv'!I:I) -> 1 | N15: =ABS(TablaDatos[[#This Row],[DiasOriginal]]) -> 1 | O15: =TablaDatos[[#This Row],[FechaIngreso]]+TablaDatos[[#This Row],[DiasNuevo]] -> 44984
A16: 15 | B16: Pedro Hernández | C16: 27029 | D16: 52 | E16: No especificado | F16: No registrado | G16: 45551 | H16: =TablaDatos[[#This Row],[FechaIngreso]]+TablaDatos[[#This Row],[DiasNuevo]] -> 45585 | I16: 34 | J16: Privado | K16: 6481.42 | L16: =TablaDatos[[#This Row],[FechaAlta]] < TablaDatos[[#This Row],[FechaIngreso]] -> FALSE | M16: =_xlfn.XLOOKUP(TablaDatos[[#This Row],[PacienteID]],'Datos_Ejemplo.csv'!A:A,'Datos_Ejemplo.csv'!I:I) -> 34 | N16: =ABS(TablaDatos[[#This Row],[DiasOriginal]]) -> 34 | O16: =TablaDatos[[#This Row],[FechaIngreso]]+TablaDatos[[#This Row],[DiasNuevo]] -> 45585
A17: 16 | B17: María Gómez | C17: 45657 | D17: 1 | E17: F | F17: Asma | G17: 45139 | H17: =TablaDatos[[#This Row],[FechaIngreso]]+TablaDatos[[#This Row],[DiasNuevo]] -> 45151 | I17: 12 | J17: N/A | K17: 17458.04 | L17: =TablaDatos[[#This Row],[FechaAlta]] < TablaDatos[[#This Row],[FechaIngreso]] -> FALSE | M17: =_xlfn.XLOOKUP(TablaDatos[[#This Row],[PacienteID]],'Datos_Ejemplo.csv'!A:A,'Datos_Ejemplo.csv'!I:I) -> 12 | N17: =ABS(TablaDatos[[#This Row],[DiasOriginal]]) -> 12 | O17: =TablaDatos[[#This Row],[FechaIngreso]]+TablaDatos[[#This Row],[DiasNuevo]] -> 45151
A18: 17 | B18: Pedro Pérez | C18: 14246 | D18: 87 | E18: No especificado | F18: COVID-19 | G18: 45205 | H18: =TablaDatos[[#This Row],[FechaIngreso]]+TablaDatos[[#This Row],[DiasNuevo]] -> 45240 | I18: 35 | J18: Privado | K18: 8830.46 | L18: =TablaDatos[[#This Row],[FechaAlta]] < TablaDatos[[#This Row],[FechaIngreso]] -> FALSE | M18: =_xlfn.XLOOKUP(TablaDatos[[#This Row],[PacienteID]],'Datos_Ejemplo.csv'!A:A,'Datos_Ejemplo.csv'!I:I) -> 35 | N18: =ABS(TablaDatos[[#This Row],[DiasOriginal]]) -> 35 | O18: =TablaDatos[[#This Row],[FechaIngreso]]+TablaDatos[[#This Row],[DiasNuevo]] -> 45240
A19: 18 | B19: José Hernández | C19: 35430 | D19: 29 | E19: M | F19: Gripe | G19: 45306 | H19: =TablaDatos[[#This Row],[FechaIngreso]]+TablaDatos[[#This Row],[DiasNuevo]] -> 45330 | I19: 24 | J19: N/A | K19: 13973.09 | L19: =TablaDatos[[#This Row],[FechaAlta]] < TablaDatos[[#This Row],[FechaIngreso]] -> FALSE | M19: =_xlfn.XLOOKUP(TablaDatos[[#This Row],[PacienteID]],'Datos_Ejemplo.csv'!A:A,'Datos_Ejemplo.csv'!I:I) -> 24 | N19: =ABS(TablaDatos[[#This Row],[DiasOriginal]]) -> 24 | O19: =TablaDatos[[#This Row],[FechaIngreso]]+TablaDatos[[#This Row],[DiasNuevo]] -> 45330
A20: 19 | B20: Carmen López | C20: 32508 | D20: 37 | E20: F | F20: No registrado | G20: 45043 | H20: =TablaDatos[[#This Row],[FechaIngreso]]+TablaDatos[[#This Row],[DiasNuevo]] -> 45061 | I20: 18 | J20: Privado | K20: 12681.81 | L20: =TablaDatos[[#This Row],[FechaAlta]] < TablaDatos[[#This Row],[FechaIngreso]] -> FALSE | M20: =_xlfn.XLOOKUP(TablaDatos[[#This Row],[PacienteID]],'Datos_Ejemplo.csv'!A:A,'Datos_Ejemplo.csv'!I:I) -> 18 | N20: =ABS(TablaDatos[[#This Row],[DiasOriginal]]) -> 18 | O20: =TablaDatos[[#This Row],[FechaIngreso]]+TablaDatos[[#This Row],[DiasNuevo]] -> 45061
... A29: 28 | B29: José Sánchez | C29: 13880 | D29: 88 | E29: F | F29: No registrado | G29: 44949 | H29: =TablaDatos[[#This Row],[FechaIngreso]]+TablaDatos[[#This Row],[DiasNuevo]] -> 44951 | I29: 2 | J29: N/A | K29: 19730.92 | L29: =TablaDatos[[#This Row],[FechaAlta]] < TablaDatos[[#This Row],[FechaIngreso]] -> FALSE | M29: =_xlfn.XLOOKUP(TablaDatos[[#This Row],[PacienteID]],'Datos_Ejemplo.csv'!A:A,'Datos_Ejemplo.csv'!I:I) -> 2 | N29: =ABS(TablaDatos[[#This Row],[DiasOriginal]]) -> 2 | O29: =TablaDatos[[#This Row],[FechaIngreso]]+TablaDatos[[#This Row],[DiasNuevo]] -> 44951
A30: 29 | B30: María Pérez | C30: =DATE(YEAR(TODAY())-TablaDatos[[#This Row],[Edad]],1,1) -> 28491 | D30: 48 | E30: M | F30: Gripe | G30: 45528 | H30: =TablaDatos[[#This Row],[FechaIngreso]]+TablaDatos[[#This Row],[DiasNuevo]] -> 45550 | I30: 22 | J30: N/A | K30: 333.63 | L30: =TablaDatos[[#This Row],[FechaAlta]] < TablaDatos[[#This Row],[FechaIngreso]] -> FALSE | M30: =_xlfn.XLOOKUP(TablaDatos[[#This Row],[PacienteID]],'Datos_Ejemplo.csv'!A:A,'Datos_Ejemplo.csv'!I:I) -> 22 | N30: =ABS(TablaDatos[[#This Row],[DiasOriginal]]) -> 22 | O30: =TablaDatos[[#This Row],[FechaIngreso]]+TablaDatos[[#This Row],[DiasNuevo]] -> 45550
A31: 30 | B31: Ana Ramírez | C31: 13150 | D31: 90 | E31: M | F31: Diabetes | G31: 45018 | H31: =TablaDatos[[#This Row],[FechaIngreso]]+TablaDatos[[#This Row],[DiasNuevo]] -> 45018 | I31: 0 | J31: Publico | K31: 13425.13 | L31: =TablaDatos[[#This Row],[FechaAlta]] < TablaDatos[[#This Row],[FechaIngreso]] -> FALSE | M31: =_xlfn.XLOOKUP(TablaDatos[[#This Row],[PacienteID]],'Datos_Ejemplo.csv'!A:A,'Datos_Ejemplo.csv'!I:I) -> 0 | N31: =ABS(TablaDatos[[#This Row],[DiasOriginal]]) -> 0 | O31: =TablaDatos[[#This Row],[FechaIngreso]]+TablaDatos[[#This Row],[DiasNuevo]] -> 45018
A32: 31 | B32: Laura Morales | C32: 24838 | D32: 58 | E32: M | F32: Asma | G32: 45395 | H32: =TablaDatos[[#This Row],[FechaIngreso]]+TablaDatos[[#This Row],[DiasNuevo]] -> 45418 | I32: 23 | J32: N/A | K32: 12131.13 | L32: =TablaDatos[[#This Row],[FechaAlta]] < TablaDatos[[#This Row],[FechaIngreso]] -> FALSE | M32: =_xlfn.XLOOKUP(TablaDatos[[#This Row],[PacienteID]],'Datos_Ejemplo.csv'!A:A,'Datos_Ejemplo.csv'!I:I) -> 23 | N32: =ABS(TablaDatos[[#This Row],[DiasOriginal]]) -> 23 | O32: =TablaDatos[[#This Row],[FechaIngreso]]+TablaDatos[[#This Row],[DiasNuevo]] -> 45418
A33: 32 | B33: Carlos Rodríguez | C33: 31047 | D33: 41 | E33: F | F33: Gripe | G33: 45081 | H33: =TablaDatos[[#This Row],[FechaIngreso]]+TablaDatos[[#This Row],[DiasNuevo]] -> 45088 | I33: 7 | J33: Publico | K33: 12896.22 | L33: =TablaDatos[[#This Row],[FechaAlta]] < TablaDatos[[#This Row],[FechaIngreso]] -> FALSE | M33: =_xlfn.XLOOKUP(TablaDatos[[#This Row],[PacienteID]],'Datos_Ejemplo.csv'!A:A,'Datos_Ejemplo.csv'!I:I) -> 7 | N33: =ABS(TablaDatos[[#This Row],[DiasOriginal]]) -> 7 | O33: =TablaDatos[[#This Row],[FechaIngreso]]+TablaDatos[[#This Row],[DiasNuevo]] -> 45088
A34: 33 | B34: Luis Martínez | C34: 12785 | D34: 91 | E34: M | F34: Diabetes | G34: 45553 | H34: =TablaDatos[[#This Row],[FechaIngreso]]+TablaDatos[[#This Row],[DiasNuevo]] -> 45574 | I34: 21 | J34: N/A | K34: 4287.55 | L34: =TablaDatos[[#This Row],[FechaAlta]] < TablaDatos[[#This Row],[FechaIngreso]] -> FALSE | M34: =_xlfn.XLOOKUP(TablaDatos[[#This Row],[PacienteID]],'Datos_Ejemplo.csv'!A:A,'Datos_Ejemplo.csv'!I:I) -> 21 | N34: =ABS(TablaDatos[[#This Row],[DiasOriginal]]) -> 21 | O34: =TablaDatos[[#This Row],[FechaIngreso]]+TablaDatos[[#This Row],[DiasNuevo]] -> 45574
A35: 34 | B35: Elena Morales | C35: 24473 | D35: 59 | E35: F | F35: COVID-19 | G35: 45133 | H35: =TablaDatos[[#This Row],[FechaIngreso]]+TablaDatos[[#This Row],[DiasNuevo]] -> 45159 | I35: 26 | J35: N/A | K35: 4457.02 | L35: =TablaDatos[[#This Row],[FechaAlta]] < TablaDatos[[#This Row],[FechaIngreso]] -> FALSE | M35: =_xlfn.XLOOKUP(TablaDatos[[#This Row],[PacienteID]],'Datos_Ejemplo.csv'!A:A,'Datos_Ejemplo.csv'!I:I) -> 26 | N35: =ABS(TablaDatos[[#This Row],[DiasOriginal]]) -> 26 | O35: =TablaDatos[[#This Row],[FechaIngreso]]+TablaDatos[[#This Row],[DiasNuevo]] -> 45159
A36: 35 | B36: Carlos Cruz | C36: 17168 | D36: 79 | E36: M | F36: No registrado | G36: 45007 | H36: =TablaDatos[[#This Row],[FechaIngreso]]+TablaDatos[[#This Row],[DiasNuevo]] -> 45011 | I36: 4 | J36: N/A | K36: 8555.91 | L36: =TablaDatos[[#This Row],[FechaAlta]] < TablaDatos[[#This Row],[FechaIngreso]] -> FALSE | M36: =_xlfn.XLOOKUP(TablaDatos[[#This Row],[PacienteID]],'Datos_Ejemplo.csv'!A:A,'Datos_Ejemplo.csv'!I:I) -> 4 | N36: =ABS(TablaDatos[[#This Row],[DiasOriginal]]) -> 4 | O36: =TablaDatos[[#This Row],[FechaIngreso]]+TablaDatos[[#This Row],[DiasNuevo]] -> 45011
A37: 36 | B37: Ana Rodríguez | C37: 40909 | D37: 14 | E37: M | F37: COVID-19 | G37: 45541 | H37: =TablaDatos[[#This Row],[FechaIngreso]]+TablaDatos[[#This Row],[DiasNuevo]] -> 45561 | I37: 20 | J37: N/A | K37: 1826.74 | L37: =TablaDatos[[#This Row],[FechaAlta]] < TablaDatos[[#This Row],[FechaIngreso]] -> FALSE | M37: =_xlfn.XLOOKUP(TablaDatos[[#This Row],[PacienteID]],'Datos_Ejemplo.csv'!A:A,'Datos_Ejemplo.csv'!I:I) -> 20 | N37: =ABS(TablaDatos[[#This Row],[DiasOriginal]]) -> 20 | O37: =TablaDatos[[#This Row],[FechaIngreso]]+TablaDatos[[#This Row],[DiasNuevo]] -> 45561
A38: 37 | B38: Carmen Gómez | C38: 23742 | D38: 61 | E38: F | F38: Hipertensión | G38: 45409 | H38: =TablaDatos[[#This Row],[FechaIngreso]]+TablaDatos[[#This Row],[DiasNuevo]] -> 45433 | I38: 24 | J38: N/A | K38: 1399.73 | L38: =TablaDatos[[#This Row],[FechaAlta]] < TablaDatos[[#This Row],[FechaIngreso]] -> FALSE | M38: =_xlfn.XLOOKUP(TablaDatos[[#This Row],[PacienteID]],'Datos_Ejemplo.csv'!A:A,'Datos_Ejemplo.csv'!I:I) -> 24 | N38: =ABS(TablaDatos[[#This Row],[DiasOriginal]]) -> 24 | O38: =TablaDatos[[#This Row],[FechaIngreso]]+TablaDatos[[#This Row],[DiasNuevo]] -> 45433
A39: 38 | B39: Miguel Cruz | C39: 23742 | D39: 61 | E39: F | F39: Neumonía | G39: 45518 | H39: =TablaDatos[[#This Row],[FechaIngreso]]+TablaDatos[[#This Row],[DiasNuevo]] -> 45557 | I39: 39 | J39: Publico | K39: 1676.03 | L39: =TablaDatos[[#This Row],[FechaAlta]] < TablaDatos[[#This Row],[FechaIngreso]] -> FALSE | M39: =_xlfn.XLOOKUP(TablaDatos[[#This Row],[PacienteID]],'Datos_Ejemplo.csv'!A:A,'Datos_Ejemplo.csv'!I:I) -> 39 | N39: =ABS(TablaDatos[[#This Row],[DiasOriginal]]) -> 39 | O39: =TablaDatos[[#This Row],[FechaIngreso]]+TablaDatos[[#This Row],[DiasNuevo]] -> 45557
A40: 39 | B40: Ana Rodríguez | C40: 29221 | D40: 46 | E40: M | F40: Asma | G40: 45333 | H40: =TablaDatos[[#This Row],[FechaIngreso]]+TablaDatos[[#This Row],[DiasNuevo]] -> 45339 | I40: 6 | J40: N/A | K40: 11416.88 | L40: =TablaDatos[[#This Row],[FechaAlta]] < TablaDatos[[#This Row],[FechaIngreso]] -> FALSE | M40: =_xlfn.XLOOKUP(TablaDatos[[#This Row],[PacienteID]],'Datos_Ejemplo.csv'!A:A,'Datos_Ejemplo.csv'!I:I) -> 6 | N40: =ABS(TablaDatos[[#This Row],[DiasOriginal]]) -> 6 | O40: =TablaDatos[[#This Row],[FechaIngreso]]+TablaDatos[[#This Row],[DiasNuevo]] -> 45339
A41: 40 | B41: Luisa Sánchez | C41: 23742 | D41: =DATEDIF(TablaDatos[[#This Row],[FechaNacimiento]],TODAY(),"Y") -> 61 | E41: F | F41: Neumonía | G41: 45029 | H41: =TablaDatos[[#This Row],[FechaIngreso]]+TablaDatos[[#This Row],[DiasNuevo]] -> 45029 | I41: 0 | J41: Publico | K41: 7894.61 | L41: =TablaDatos[[#This Row],[FechaAlta]] < TablaDatos[[#This Row],[FechaIngreso]] -> FALSE | M41: =_xlfn.XLOOKUP(TablaDatos[[#This Row],[PacienteID]],'Datos_Ejemplo.csv'!A:A,'Datos_Ejemplo.csv'!I:I) -> 0 | N41: =ABS(TablaDatos[[#This Row],[DiasOriginal]]) -> 0 | O41: =TablaDatos[[#This Row],[FechaIngreso]]+TablaDatos[[#This Row],[DiasNuevo]] -> 45029
A42: 41 | B42: Carmen Gómez | C42: 27760 | D42: 50 | E42: F | F42: Neumonía | G42: 45166 | H42: =TablaDatos[[#This Row],[FechaIngreso]]+TablaDatos[[#This Row],[DiasNuevo]] -> 45176 | I42: 10 | J42: Privado | K42: 5801.7 | L42: =TablaDatos[[#This Row],[FechaAlta]] < TablaDatos[[#This Row],[FechaIngreso]] -> FALSE | M42: =_xlfn.XLOOKUP(TablaDatos[[#This Row],[PacienteID]],'Datos_Ejemplo.csv'!A:A,'Datos_Ejemplo.csv'!I:I) -> 10 | N42: =ABS(TablaDatos[[#This Row],[DiasOriginal]]) -> 10 | O42: =TablaDatos[[#This Row],[FechaIngreso]]+TablaDatos[[#This Row],[DiasNuevo]] -> 45176
A43: 42 | B43: Luisa Martínez | C43: 26299 | D43: 54 | E43: F | F43: Diabetes | G43: 45191 | H43: =TablaDatos[[#This Row],[FechaIngreso]]+TablaDatos[[#This Row],[DiasNuevo]] -> 45194 | I43: 3 | J43: Publico | K43: 6247.97 | L43: =TablaDatos[[#This Row],[FechaAlta]] < TablaDatos[[#This Row],[FechaIngreso]] -> FALSE | M43: =_xlfn.XLOOKUP(TablaDatos[[#This Row],[PacienteID]],'Datos_Ejemplo.csv'!A:A,'Datos_Ejemplo.csv'!I:I) -> 3 | N43: =ABS(TablaDatos[[#This Row],[DiasOriginal]]) -> 3 | O43: =TablaDatos[[#This Row],[FechaIngreso]]+TablaDatos[[#This Row],[DiasNuevo]] -> 45194
A44: 43 | B44: Laura Martínez | C44: 23012 | D44: 63 | E44: F | F44: Hipertensión | G44: 44959 | H44: =TablaDatos[[#This Row],[FechaIngreso]]+TablaDatos[[#This Row],[DiasNuevo]] -> 44994 | I44: 35 | J44: Publico | K44: 4066.39 | L44: =TablaDatos[[#This Row],[FechaAlta]] < TablaDatos[[#This Row],[FechaIngreso]] -> FALSE | M44: =_xlfn.XLOOKUP(TablaDatos[[#This Row],[PacienteID]],'Datos_Ejemplo.csv'!A:A,'Datos_Ejemplo.csv'!I:I) -> 35 | N44: =ABS(TablaDatos[[#This Row],[DiasOriginal]]) -> 35 | O44: =TablaDatos[[#This Row],[FechaIngreso]]+TablaDatos[[#This Row],[DiasNuevo]] -> 44994
A45: 44 | B45: Carlos Martínez | C45: 45292 | D45: 2 | E45: F | F45: Asma | G45: 44961 | H45: =TablaDatos[[#This Row],[FechaIngreso]]+TablaDatos[[#This Row],[DiasNuevo]] -> 44979 | I45: 18 | J45: N/A | K45: 8171.26 | L45: =TablaDatos[[#This Row],[FechaAlta]] < TablaDatos[[#This Row],[FechaIngreso]] -> FALSE | M45: =_xlfn.XLOOKUP(TablaDatos[[#This Row],[PacienteID]],'Datos_Ejemplo.csv'!A:A,'Datos_Ejemplo.csv'!I:I) -> 18 | N45: =ABS(TablaDatos[[#This Row],[DiasOriginal]]) -> 18 | O45: =TablaDatos[[#This Row],[FechaIngreso]]+TablaDatos[[#This Row],[DiasNuevo]] -> 44979
A46: 45 | B46: Jorge Gómez | C46: 27760 | D46: 50 | E46: No especificado | F46: COVID-19 | G46: 45175 | H46: =TablaDatos[[#This Row],[FechaIngreso]]+TablaDatos[[#This Row],[DiasNuevo]] -> 45191 | I46: 16 | J46: Publico | K46: 3981.47 | L46: =TablaDatos[[#This Row],[FechaAlta]] < TablaDatos[[#This Row],[FechaIngreso]] -> FALSE | M46: =_xlfn.XLOOKUP(TablaDatos[[#This Row],[PacienteID]],'Datos_Ejemplo.csv'!A:A,'Datos_Ejemplo.csv'!I:I) -> 16 | N46: =ABS(TablaDatos[[#This Row],[DiasOriginal]]) -> 16 | O46: =TablaDatos[[#This Row],[FechaIngreso]]+TablaDatos[[#This Row],[DiasNuevo]] -> 45191
A47: 46 | B47: Ana Hernández | C47: 43831 | D47: 6 | E47: M | F47: Neumonía | G47: 44976 | H47: =TablaDatos[[#This Row],[FechaIngreso]]+TablaDatos[[#This Row],[DiasNuevo]] -> 44998 | I47: 22 | J47: N/A | K47: 13930.73 | L47: =TablaDatos[[#This Row],[FechaAlta]] < TablaDatos[[#This Row],[FechaIngreso]] -> FALSE | M47: =_xlfn.XLOOKUP(TablaDatos[[#This Row],[PacienteID]],'Datos_Ejemplo.csv'!A:A,'Datos_Ejemplo.csv'!I:I) -> 22 | N47: =ABS(TablaDatos[[#This Row],[DiasOriginal]]) -> 22 | O47: =TablaDatos[[#This Row],[FechaIngreso]]+TablaDatos[[#This Row],[DiasNuevo]] -> 44998
A48: 47 | B48: Juan Morales | C48: 38717 | D48: 20 | E48: F | F48: Diabetes | G48: 45206 | H48: =TablaDatos[[#This Row],[FechaIngreso]]+TablaDatos[[#This Row],[DiasNuevo]] -> 45242 | I48: 36 | J48: Publico | K48: 2391.04 | L48: =TablaDatos[[#This Row],[FechaAlta]] < TablaDatos[[#This Row],[FechaIngreso]] -> FALSE | M48: =_xlfn.XLOOKUP(TablaDatos[[#This Row],[PacienteID]],'Datos_Ejemplo.csv'!A:A,'Datos_Ejemplo.csv'!I:I) -> 36 | N48: =ABS(TablaDatos[[#This Row],[DiasOriginal]]) -> 36 | O48: =TablaDatos[[#This Row],[FechaIngreso]]+TablaDatos[[#This Row],[DiasNuevo]] -> 45242
A49: 48 | B49: Ana Hernández | C49: 19724 | D49: 72 | E49: M | F49: Neumonía | G49: 45078 | H49: =TablaDatos[[#This Row],[FechaIngreso]]+TablaDatos[[#This Row],[DiasNuevo]] -> 45079 | I49: 1 | J49: Privado | K49: 18959.67 | L49: =TablaDatos[[#This Row],[FechaAlta]] < TablaDatos[[#This Row],[FechaIngreso]] -> FALSE | M49: =_xlfn.XLOOKUP(TablaDatos[[#This Row],[PacienteID]],'Datos_Ejemplo.csv'!A:A,'Datos_Ejemplo.csv'!I:I) -> 1 | N49: =ABS(TablaDatos[[#This Row],[DiasOriginal]]) -> 1 | O49: =TablaDatos[[#This Row],[FechaIngreso]]+TablaDatos[[#This Row],[DiasNuevo]] -> 45079
A50: 49 | B50: Sofía Gómez | C50: 32143 | D50: 38 | E50: M | F50: Gripe | G50: 45585 | H50: =TablaDatos[[#This Row],[FechaIngreso]]+TablaDatos[[#This Row],[DiasNuevo]] -> 45604 | I50: 19 | J50: N/A | K50: 1705.36 | L50: =TablaDatos[[#This Row],[FechaAlta]] < TablaDatos[[#This Row],[FechaIngreso]] -> FALSE | M50: =_xlfn.XLOOKUP(TablaDatos[[#This Row],[PacienteID]],'Datos_Ejemplo.csv'!A:A,'Datos_Ejemplo.csv'!I:I) -> 19 | N50: =ABS(TablaDatos[[#This Row],[DiasOriginal]]) -> 19 | O50: =TablaDatos[[#This Row],[FechaIngreso]]+TablaDatos[[#This Row],[DiasNuevo]] -> 45604
A51: 50 | B51: Carmen Ramírez | C51: 39813 | D51: =DATEDIF(TablaDatos[[#This Row],[FechaNacimiento]],TODAY(),"Y") -> 17 | E51: M | F51: COVID-19 | G51: 45477 | H51: =TablaDatos[[#This Row],[FechaIngreso]]+TablaDatos[[#This Row],[DiasNuevo]] -> 45479 | I51: 2 | J51: N/A | K51: 18863.56 | L51: =TablaDatos[[#This Row],[FechaAlta]] < TablaDatos[[#This Row],[FechaIngreso]] -> FALSE | M51: =_xlfn.XLOOKUP(TablaDatos[[#This Row],[PacienteID]],'Datos_Ejemplo.csv'!A:A,'Datos_Ejemplo.csv'!I:I) -> 2 | N51: =ABS(TablaDatos[[#This Row],[DiasOriginal]]) -> 2 | O51: =TablaDatos[[#This Row],[FechaIngreso]]+TablaDatos[[#This Row],[DiasNuevo]] -> 45479
A52: 51 | B52: José Gómez | C52: 44927 | D52: 3 | E52: M | F52: Neumonía | G52: 45627 | H52: =TablaDatos[[#This Row],[FechaIngreso]]+TablaDatos[[#This Row],[DiasNuevo]] -> 45629 | I52: 2 | J52: Privado | K52: 16649.23 | L52: =TablaDatos[[#This Row],[FechaAlta]] < TablaDatos[[#This Row],[FechaIngreso]] -> FALSE | M52: =_xlfn.XLOOKUP(TablaDatos[[#This Row],[PacienteID]],'Datos_Ejemplo.csv'!A:A,'Datos_Ejemplo.csv'!I:I) -> -2 | N52: =ABS(TablaDatos[[#This Row],[DiasOriginal]]) -> 2 | O52: =TablaDatos[[#This Row],[FechaIngreso]]+TablaDatos[[#This Row],[DiasNuevo]] -> 45629
A53: 52 | B53: Pedro Ramírez | C53: 13880 | D53: 88 | E53: F | F53: Gripe | G53: 45463 | H53: =TablaDatos[[#This Row],[FechaIngreso]]+TablaDatos[[#This Row],[DiasNuevo]] -> 45477 | I53: 14 | J53: N/A | K53: 13582.31 | L53: =TablaDatos[[#This Row],[FechaAlta]] < TablaDatos[[#This Row],[FechaIngreso]] -> FALSE | M53: =_xlfn.XLOOKUP(TablaDatos[[#This Row],[PacienteID]],'Datos_Ejemplo.csv'!A:A,'Datos_Ejemplo.csv'!I:I) -> 14 | N53: =ABS(TablaDatos[[#This Row],[DiasOriginal]]) -> 14 | O53: =TablaDatos[[#This Row],[FechaIngreso]]+TablaDatos[[#This Row],[DiasNuevo]] -> 45477
A54: 53 | B54: Carmen Martínez | C54: 24473 | D54: 59 | E54: F | F54: Gripe | G54: 45156 | H54: =TablaDatos[[#This Row],[FechaIngreso]]+TablaDatos[[#This Row],[DiasNuevo]] -> 45162 | I54: 6 | J54: Publico | K54: 18237.26 | L54: =TablaDatos[[#This Row],[FechaAlta]] < TablaDatos[[#This Row],[FechaIngreso]] -> FALSE | M54: =_xlfn.XLOOKUP(TablaDatos[[#This Row],[PacienteID]],'Datos_Ejemplo.csv'!A:A,'Datos_Ejemplo.csv'!I:I) -> 6 | N54: =ABS(TablaDatos[[#This Row],[DiasOriginal]]) -> 6 | O54: =TablaDatos[[#This Row],[FechaIngreso]]+TablaDatos[[#This Row],[DiasNuevo]] -> 45162
A55: 54 | B55: Jorge Martínez | C55: 41274 | D55: 13 | E55: F | F55: Diabetes | G55: 45591 | H55: =TablaDatos[[#This Row],[FechaIngreso]]+TablaDatos[[#This Row],[DiasNuevo]] -> 45597 | I55: 6 | J55: N/A | K55: 2698.3 | L55: =TablaDatos[[#This Row],[FechaAlta]] < TablaDatos[[#This Row],[FechaIngreso]] -> FALSE | M55: =_xlfn.XLOOKUP(TablaDatos[[#This Row],[PacienteID]],'Datos_Ejemplo.csv'!A:A,'Datos_Ejemplo.csv'!I:I) -> 6 | N55: =ABS(TablaDatos[[#This Row],[DiasOriginal]]) -> 6 | O55: =TablaDatos[[#This Row],[FechaIngreso]]+TablaDatos[[#This Row],[DiasNuevo]] -> 45597
A56: 55 | B56: Luisa Cruz | C56: 43100 | D56: 8 | E56: M | F56: Diabetes | G56: 45214 | H56: =TablaDatos[[#This Row],[FechaIngreso]]+TablaDatos[[#This Row],[DiasNuevo]] -> 45235 | I56: 21 | J56: N/A | K56: 3443.93 | L56: =TablaDatos[[#This Row],[FechaAlta]] < TablaDatos[[#This Row],[FechaIngreso]] -> FALSE | M56: =_xlfn.XLOOKUP(TablaDatos[[#This Row],[PacienteID]],'Datos_Ejemplo.csv'!A:A,'Datos_Ejemplo.csv'!I:I) -> 21 | N56: =ABS(TablaDatos[[#This Row],[DiasOriginal]]) -> 21 | O56: =TablaDatos[[#This Row],[FechaIngreso]]+TablaDatos[[#This Row],[DiasNuevo]] -> 45235
A57: 56 | B57: Carmen Cruz | C57: 13515 | D57: 89 | E57: M | F57: Gripe | G57: 45321 | H57: =TablaDatos[[#This Row],[FechaIngreso]]+TablaDatos[[#This Row],[DiasNuevo]] -> 45328 | I57: 7 | J57: N/A | K57: 4968.27 | L57: =TablaDatos[[#This Row],[FechaAlta]] < TablaDatos[[#This Row],[FechaIngreso]] -> FALSE | M57: =_xlfn.XLOOKUP(TablaDatos[[#This Row],[PacienteID]],'Datos_Ejemplo.csv'!A:A,'Datos_Ejemplo.csv'!I:I) -> 7 | N57: =ABS(TablaDatos[[#This Row],[DiasOriginal]]) -> 7 | O57: =TablaDatos[[#This Row],[FechaIngreso]]+TablaDatos[[#This Row],[DiasNuevo]] -> 45328
A58: 57 | B58: Sofía Hernández | C58: 27029 | D58: 52 | E58: F | F58: Hipertensión | G58: 45379 | H58: =TablaDatos[[#This Row],[FechaIngreso]]+TablaDatos[[#This Row],[DiasNuevo]] -> 45396 | I58: 17 | J58: Publico | K58: 4820.71 | L58: =TablaDatos[[#This Row],[FechaAlta]] < TablaDatos[[#This Row],[FechaIngreso]] -> FALSE | M58: =_xlfn.XLOOKUP(TablaDatos[[#This Row],[PacienteID]],'Datos_Ejemplo.csv'!A:A,'Datos_Ejemplo.csv'!I:I) -> 17 | N58: =ABS(TablaDatos[[#This Row],[DiasOriginal]]) -> 17 | O58: =TablaDatos[[#This Row],[FechaIngreso]]+TablaDatos[[#This Row],[DiasNuevo]] -> 45396
A59: 58 | B59: Miguel Hernández | C59: 45657 | D59: 1 | E59: M | F59: Neumonía | G59: 45546 | H59: =TablaDatos[[#This Row],[FechaIngreso]]+TablaDatos[[#This Row],[DiasNuevo]] -> 45560 | I59: 14 | J59: Privado | K59: 6148.05 | L59: =TablaDatos[[#This Row],[FechaAlta]] < TablaDatos[[#This Row],[FechaIngreso]] -> FALSE | M59: =_xlfn.XLOOKUP(TablaDatos[[#This Row],[PacienteID]],'Datos_Ejemplo.csv'!A:A,'Datos_Ejemplo.csv'!I:I) -> 14 | N59: =ABS(TablaDatos[[#This Row],[DiasOriginal]]) -> 14 | O59: =TablaDatos[[#This Row],[FechaIngreso]]+TablaDatos[[#This Row],[DiasNuevo]] -> 45560
A60: 59 | B60: Carlos Pérez | C60: 15707 | D60: 83 | E60: F | F60: Gripe | G60: 44959 | H60: =TablaDatos[[#This Row],[FechaIngreso]]+TablaDatos[[#This Row],[DiasNuevo]] -> 44969 | I60: 10 | J60: N/A | K60: 11470.18 | L60: =TablaDatos[[#This Row],[FechaAlta]] < TablaDatos[[#This Row],[FechaIngreso]] -> FALSE | M60: =_xlfn.XLOOKUP(TablaDatos[[#This Row],[PacienteID]],'Datos_Ejemplo.csv'!A:A,'Datos_Ejemplo.csv'!I:I) -> 10 | N60: =ABS(TablaDatos[[#This Row],[DiasOriginal]]) -> 10 | O60: =TablaDatos[[#This Row],[FechaIngreso]]+TablaDatos[[#This Row],[DiasNuevo]] -> 44969
A61: 60 | B61: Luisa López | C61: 12785 | D61: 91 | E61: F | F61: Gripe | G61: 45289 | H61: =TablaDatos[[#This Row],[FechaIngreso]]+TablaDatos[[#This Row],[DiasNuevo]] -> 45315 | I61: 26 | J61: N/A | K61: 466.27 | L61: =TablaDatos[[#This Row],[FechaAlta]] < TablaDatos[[#This Row],[FechaIngreso]] -> FALSE | M61: =_xlfn.XLOOKUP(TablaDatos[[#This Row],[PacienteID]],'Datos_Ejemplo.csv'!A:A,'Datos_Ejemplo.csv'!I:I) -> 26 | N61: =ABS(TablaDatos[[#This Row],[DiasOriginal]]) -> 26 | O61: =TablaDatos[[#This Row],[FechaIngreso]]+TablaDatos[[#This Row],[DiasNuevo]] -> 45315
A62: 61 | B62: Juan Sánchez | C62: 24473 | D62: 59 | E62: F | F62: Diabetes | G62: 45037 | H62: =TablaDatos[[#This Row],[FechaIngreso]]+TablaDatos[[#This Row],[DiasNuevo]] -> 45070 | I62: 33 | J62: Privado | K62: 7583.68 | L62: =TablaDatos[[#This Row],[FechaAlta]] < TablaDatos[[#This Row],[FechaIngreso]] -> FALSE | M62: =_xlfn.XLOOKUP(TablaDatos[[#This Row],[PacienteID]],'Datos_Ejemplo.csv'!A:A,'Datos_Ejemplo.csv'!I:I) -> 33 | N62: =ABS(TablaDatos[[#This Row],[DiasOriginal]]) -> 33 | O62: =TablaDatos[[#This Row],[FechaIngreso]]+TablaDatos[[#This Row],[DiasNuevo]] -> 45070
A63: 62 | B63: Jorge Hernández | C63: 20455 | D63: 70 | E63: F | F63: Neumonía | G63: 45047 | H63: =TablaDatos[[#This Row],[FechaIngreso]]+TablaDatos[[#This Row],[DiasNuevo]] -> 45067 | I63: 20 | J63: Privado | K63: 4852.34 | L63: =TablaDatos[[#This Row],[FechaAlta]] < TablaDatos[[#This Row],[FechaIngreso]] -> FALSE | M63: =_xlfn.XLOOKUP(TablaDatos[[#This Row],[PacienteID]],'Datos_Ejemplo.csv'!A:A,'Datos_Ejemplo.csv'!I:I) -> 20 | N63: =ABS(TablaDatos[[#This Row],[DiasOriginal]]) -> 20 | O63: =TablaDatos[[#This Row],[FechaIngreso]]+TablaDatos[[#This Row],[DiasNuevo]] -> 45067
... A65: 64 | B65: Laura Pérez | C65: 43466 | D65: 7 | E65: M | F65: COVID-19 | G65: 45449 | H65: =TablaDatos[[#This Row],[FechaIngreso]]+TablaDatos[[#This Row],[DiasNuevo]] -> 45464 | I65: 15 | J65: N/A | K65: 19701.9 | L65: =TablaDatos[[#This Row],[FechaAlta]] < TablaDatos[[#This Row],[FechaIngreso]] -> FALSE | M65: =_xlfn.XLOOKUP(TablaDatos[[#This Row],[PacienteID]],'Datos_Ejemplo.csv'!A:A,'Datos_Ejemplo.csv'!I:I) -> 15 | N65: =ABS(TablaDatos[[#This Row],[DiasOriginal]]) -> 15 | O65: =TablaDatos[[#This Row],[FechaIngreso]]+TablaDatos[[#This Row],[DiasNuevo]] -> 45464
A66: 65 | B66: Elena Gómez | C66: 29221 | D66: =DATEDIF(TablaDatos[[#This Row],[FechaNacimiento]],TODAY(),"Y") -> 46 | E66: F | F66: Diabetes | G66: 45641 | H66: =TablaDatos[[#This Row],[FechaIngreso]]+TablaDatos[[#This Row],[DiasNuevo]] -> 45656 | I66: 15 | J66: N/A | K66: 10304.86 | L66: =TablaDatos[[#This Row],[FechaAlta]] < TablaDatos[[#This Row],[FechaIngreso]] -> FALSE | M66: =_xlfn.XLOOKUP(TablaDatos[[#This Row],[PacienteID]],'Datos_Ejemplo.csv'!A:A,'Datos_Ejemplo.csv'!I:I) -> 15 | N66: =ABS(TablaDatos[[#This Row],[DiasOriginal]]) -> 15 | O66: =TablaDatos[[#This Row],[FechaIngreso]]+TablaDatos[[#This Row],[DiasNuevo]] -> 45656
A67: 66 | B67: Ana Gómez | C67: 33604 | D67: =DATEDIF(TablaDatos[[#This Row],[FechaNacimiento]],TODAY(),"Y") -> 34 | E67: M | F67: Neumonía | G67: 45640 | H67: =TablaDatos[[#This Row],[FechaIngreso]]+TablaDatos[[#This Row],[DiasNuevo]] -> 45646 | I67: 6 | J67: Publico | K67: 8456.27 | L67: =TablaDatos[[#This Row],[FechaAlta]] < TablaDatos[[#This Row],[FechaIngreso]] -> FALSE | M67: =_xlfn.XLOOKUP(TablaDatos[[#This Row],[PacienteID]],'Datos_Ejemplo.csv'!A:A,'Datos_Ejemplo.csv'!I:I) -> 6 | N67: =ABS(TablaDatos[[#This Row],[DiasOriginal]]) -> 6 | O67: =TablaDatos[[#This Row],[FechaIngreso]]+TablaDatos[[#This Row],[DiasNuevo]] -> 45646
A68: 67 | B68: Juan Ramírez | C68: 17898 | D68: 77 | E68: M | F68: Neumonía | G68: 45024 | H68: =TablaDatos[[#This Row],[FechaIngreso]]+TablaDatos[[#This Row],[DiasNuevo]] -> 45024 | I68: 0 | J68: Privado | K68: 7301.7 | L68: =TablaDatos[[#This Row],[FechaAlta]] < TablaDatos[[#This Row],[FechaIngreso]] -> FALSE | M68: =_xlfn.XLOOKUP(TablaDatos[[#This Row],[PacienteID]],'Datos_Ejemplo.csv'!A:A,'Datos_Ejemplo.csv'!I:I) -> 0 | N68: =ABS(TablaDatos[[#This Row],[DiasOriginal]]) -> 0 | O68: =TablaDatos[[#This Row],[FechaIngreso]]+TablaDatos[[#This Row],[DiasNuevo]] -> 45024
A69: 68 | B69: Carmen Sánchez | C69: 16802 | D69: 80 | E69: M | F69: No registrado | G69: 45042 | H69: =TablaDatos[[#This Row],[FechaIngreso]]+TablaDatos[[#This Row],[DiasNuevo]] -> 45046 | I69: 4 | J69: N/A | K69: 15677.48 | L69: =TablaDatos[[#This Row],[FechaAlta]] < TablaDatos[[#This Row],[FechaIngreso]] -> FALSE | M69: =_xlfn.XLOOKUP(TablaDatos[[#This Row],[PacienteID]],'Datos_Ejemplo.csv'!A:A,'Datos_Ejemplo.csv'!I:I) -> 4 | N69: =ABS(TablaDatos[[#This Row],[DiasOriginal]]) -> 4 | O69: =TablaDatos[[#This Row],[FechaIngreso]]+TablaDatos[[#This Row],[DiasNuevo]] -> 45046
A70: 69 | B70: José López | C70: 33239 | D70: 35 | E70: F | F70: Hipertensión | G70: 45397 | H70: =TablaDatos[[#This Row],[FechaIngreso]]+TablaDatos[[#This Row],[DiasNuevo]] -> 45409 | I70: 12 | J70: N/A | K70: 1346.82 | L70: =TablaDatos[[#This Row],[FechaAlta]] < TablaDatos[[#This Row],[FechaIngreso]] -> FALSE | M70: =_xlfn.XLOOKUP(TablaDatos[[#This Row],[PacienteID]],'Datos_Ejemplo.csv'!A:A,'Datos_Ejemplo.csv'!I:I) -> 12 | N70: =ABS(TablaDatos[[#This Row],[DiasOriginal]]) -> 12 | O70: =TablaDatos[[#This Row],[FechaIngreso]]+TablaDatos[[#This Row],[DiasNuevo]] -> 45409
A71: 70 | B71: Ricardo Hernández | C71: 28125 | D71: 49 | E71: M | F71: COVID-19 | G71: 45365 | H71: =TablaDatos[[#This Row],[FechaIngreso]]+TablaDatos[[#This Row],[DiasNuevo]] -> 45392 | I71: 27 | J71: Privado | K71: 19191.39 | L71: =TablaDatos[[#This Row],[FechaAlta]] < TablaDatos[[#This Row],[FechaIngreso]] -> FALSE | M71: =_xlfn.XLOOKUP(TablaDatos[[#This Row],[PacienteID]],'Datos_Ejemplo.csv'!A:A,'Datos_Ejemplo.csv'!I:I) -> 27 | N71: =ABS(TablaDatos[[#This Row],[DiasOriginal]]) -> 27 | O71: =TablaDatos[[#This Row],[FechaIngreso]]+TablaDatos[[#This Row],[DiasNuevo]] -> 45392
A72: 71 | B72: Carlos Sánchez | C72: 44927 | D72: 3 | E72: M | F72: Diabetes | G72: 45207 | H72: =TablaDatos[[#This Row],[FechaIngreso]]+TablaDatos[[#This Row],[DiasNuevo]] -> 45213 | I72: 6 | J72: N/A | K72: 8300.15 | L72: =TablaDatos[[#This Row],[FechaAlta]] < TablaDatos[[#This Row],[FechaIngreso]] -> FALSE | M72: =_xlfn.XLOOKUP(TablaDatos[[#This Row],[PacienteID]],'Datos_Ejemplo.csv'!A:A,'Datos_Ejemplo.csv'!I:I) -> 6 | N72: =ABS(TablaDatos[[#This Row],[DiasOriginal]]) -> 6 | O72: =TablaDatos[[#This Row],[FechaIngreso]]+TablaDatos[[#This Row],[DiasNuevo]] -> 45213
A73: 72 | B73: Miguel Gómez | C73: 45657 | D73: 1 | E73: M | F73: Diabetes | G73: 45275 | H73: =TablaDatos[[#This Row],[FechaIngreso]]+TablaDatos[[#This Row],[DiasNuevo]] -> 45313 | I73: 38 | J73: N/A | K73: 6205.38 | L73: =TablaDatos[[#This Row],[FechaAlta]] < TablaDatos[[#This Row],[FechaIngreso]] -> FALSE | M73: =_xlfn.XLOOKUP(TablaDatos[[#This Row],[PacienteID]],'Datos_Ejemplo.csv'!A:A,'Datos_Ejemplo.csv'!I:I) -> 38 | N73: =ABS(TablaDatos[[#This Row],[DiasOriginal]]) -> 38 | O73: =TablaDatos[[#This Row],[FechaIngreso]]+TablaDatos[[#This Row],[DiasNuevo]] -> 45313
A74: 73 | B74: Luis Pérez | C74: 44196 | D74: 5 | E74: F | F74: Asma | G74: 45158 | H74: =TablaDatos[[#This Row],[FechaIngreso]]+TablaDatos[[#This Row],[DiasNuevo]] -> 45182 | I74: 24 | J74: Publico | K74: 19478.77 | L74: =TablaDatos[[#This Row],[FechaAlta]] < TablaDatos[[#This Row],[FechaIngreso]] -> FALSE | M74: =_xlfn.XLOOKUP(TablaDatos[[#This Row],[PacienteID]],'Datos_Ejemplo.csv'!A:A,'Datos_Ejemplo.csv'!I:I) -> 24 | N74: =ABS(TablaDatos[[#This Row],[DiasOriginal]]) -> 24 | O74: =TablaDatos[[#This Row],[FechaIngreso]]+TablaDatos[[#This Row],[DiasNuevo]] -> 45182
A75: 74 | B75: José Gómez | C75: 26664 | D75: 53 | E75: F | F75: No registrado | G75: 45037 | H75: =TablaDatos[[#This Row],[FechaIngreso]]+TablaDatos[[#This Row],[DiasNuevo]] -> 45070 | I75: 33 | J75: Publico | K75: 18711.17 | L75: =TablaDatos[[#This Row],[FechaAlta]] < TablaDatos[[#This Row],[FechaIngreso]] -> FALSE | M75: =_xlfn.XLOOKUP(TablaDatos[[#This Row],[PacienteID]],'Datos_Ejemplo.csv'!A:A,'Datos_Ejemplo.csv'!I:I) -> 33 | N75: =ABS(TablaDatos[[#This Row],[DiasOriginal]]) -> 33 | O75: =TablaDatos[[#This Row],[FechaIngreso]]+TablaDatos[[#This Row],[DiasNuevo]] -> 45070
A76: 75 | B76: Ana Hernández | C76: 44927 | D76: 3 | E76: F | F76: No registrado | G76: 45278 | H76: =TablaDatos[[#This Row],[FechaIngreso]]+TablaDatos[[#This Row],[DiasNuevo]] -> 45293 | I76: 15 | J76: Publico | K76: 12802.88 | L76: =TablaDatos[[#This Row],[FechaAlta]] < TablaDatos[[#This Row],[FechaIngreso]] -> FALSE | M76: =_xlfn.XLOOKUP(TablaDatos[[#This Row],[PacienteID]],'Datos_Ejemplo.csv'!A:A,'Datos_Ejemplo.csv'!I:I) -> 15 | N76: =ABS(TablaDatos[[#This Row],[DiasOriginal]]) -> 15 | O76: =TablaDatos[[#This Row],[FechaIngreso]]+TablaDatos[[#This Row],[DiasNuevo]] -> 45293
A77: 76 | B77: Miguel Sánchez | C77: 26664 | D77: 53 | E77: F | F77: Hipertensión | G77: 44938 | H77: =TablaDatos[[#This Row],[FechaIngreso]]+TablaDatos[[#This Row],[DiasNuevo]] -> 44966 | I77: 28 | J77: N/A | K77: 272 | L77: =TablaDatos[[#This Row],[FechaAlta]] < TablaDatos[[#This Row],[FechaIngreso]] -> FALSE | M77: =_xlfn.XLOOKUP(TablaDatos[[#This Row],[PacienteID]],'Datos_Ejemplo.csv'!A:A,'Datos_Ejemplo.csv'!I:I) -> 28 | N77: =ABS(TablaDatos[[#This Row],[DiasOriginal]]) -> 28 | O77: =TablaDatos[[#This Row],[FechaIngreso]]+TablaDatos[[#This Row],[DiasNuevo]] -> 44966
A78: 77 | B78: Jorge Sánchez | C78: 12419 | D78: 92 | E78: M | F78: No registrado | G78: 45414 | H78: =TablaDatos[[#This Row],[FechaIngreso]]+TablaDatos[[#This Row],[DiasNuevo]] -> 45428 | I78: 14 | J78: Privado | K78: 14945.55 | L78: =TablaDatos[[#This Row],[FechaAlta]] < TablaDatos[[#This Row],[FechaIngreso]] -> FALSE | M78: =_xlfn.XLOOKUP(TablaDatos[[#This Row],[PacienteID]],'Datos_Ejemplo.csv'!A:A,'Datos_Ejemplo.csv'!I:I) -> 14 | N78: =ABS(TablaDatos[[#This Row],[DiasOriginal]]) -> 14 | O78: =TablaDatos[[#This Row],[FechaIngreso]]+TablaDatos[[#This Row],[DiasNuevo]] -> 45428
A79: 78 | B79: Carmen Hernández | C79: 23377 | D79: 62 | E79: M | F79: Hipertensión | G79: 45459 | H79: =TablaDatos[[#This Row],[FechaIngreso]]+TablaDatos[[#This Row],[DiasNuevo]] -> 45462 | I79: 3 | J79: Publico | K79: 6644.7 | L79: =TablaDatos[[#This Row],[FechaAlta]] < TablaDatos[[#This Row],[FechaIngreso]] -> FALSE | M79: =_xlfn.XLOOKUP(TablaDatos[[#This Row],[PacienteID]],'Datos_Ejemplo.csv'!A:A,'Datos_Ejemplo.csv'!I:I) -> 3 | N79: =ABS(TablaDatos[[#This Row],[DiasOriginal]]) -> 3 | O79: =TablaDatos[[#This Row],[FechaIngreso]]+TablaDatos[[#This Row],[DiasNuevo]] -> 45462
... A82: 81 | B82: Miguel Pérez | C82: 30317 | D82: 43 | E82: M | F82: Diabetes | G82: 45559 | H82: =TablaDatos[[#This Row],[FechaIngreso]]+TablaDatos[[#This Row],[DiasNuevo]] -> 45598 | I82: 39 | J82: Publico | K82: 10421.51 | L82: =TablaDatos[[#This Row],[FechaAlta]] < TablaDatos[[#This Row],[FechaIngreso]] -> FALSE | M82: =_xlfn.XLOOKUP(TablaDatos[[#This Row],[PacienteID]],'Datos_Ejemplo.csv'!A:A,'Datos_Ejemplo.csv'!I:I) -> 39 | N82: =ABS(TablaDatos[[#This Row],[DiasOriginal]]) -> 39 | O82: =TablaDatos[[#This Row],[FechaIngreso]]+TablaDatos[[#This Row],[DiasNuevo]] -> 45598
A83: 82 | B83: Ana López | C83: 33969 | D83: =DATEDIF(TablaDatos[[#This Row],[FechaNacimiento]],TODAY(),"Y") -> 33 | E83: M | F83: Asma | G83: 45562 | H83: =TablaDatos[[#This Row],[FechaIngreso]]+TablaDatos[[#This Row],[DiasNuevo]] -> 45601 | I83: 39 | J83: N/A | K83: 14865.51 | L83: =TablaDatos[[#This Row],[FechaAlta]] < TablaDatos[[#This Row],[FechaIngreso]] -> FALSE | M83: =_xlfn.XLOOKUP(TablaDatos[[#This Row],[PacienteID]],'Datos_Ejemplo.csv'!A:A,'Datos_Ejemplo.csv'!I:I) -> 39 | N83: =ABS(TablaDatos[[#This Row],[DiasOriginal]]) -> 39 | O83: =TablaDatos[[#This Row],[FechaIngreso]]+TablaDatos[[#This Row],[DiasNuevo]] -> 45601
A84: 83 | B84: Luisa Ramírez | C84: 19359 | D84: 73 | E84: F | F84: Diabetes | G84: 45471 | H84: =TablaDatos[[#This Row],[FechaIngreso]]+TablaDatos[[#This Row],[DiasNuevo]] -> 45506 | I84: 35 | J84: N/A | K84: 5387.52 | L84: =TablaDatos[[#This Row],[FechaAlta]] < TablaDatos[[#This Row],[FechaIngreso]] -> FALSE | M84: =_xlfn.XLOOKUP(TablaDatos[[#This Row],[PacienteID]],'Datos_Ejemplo.csv'!A:A,'Datos_Ejemplo.csv'!I:I) -> 35 | N84: =ABS(TablaDatos[[#This Row],[DiasOriginal]]) -> 35 | O84: =TablaDatos[[#This Row],[FechaIngreso]]+TablaDatos[[#This Row],[DiasNuevo]] -> 45506
A85: 84 | B85: Elena Sánchez | C85: 23742 | D85: 61 | E85: M | F85: No registrado | G85: 45318 | H85: =TablaDatos[[#This Row],[FechaIngreso]]+TablaDatos[[#This Row],[DiasNuevo]] -> 45353 | I85: 35 | J85: Privado | K85: 18768.53 | L85: =TablaDatos[[#This Row],[FechaAlta]] < TablaDatos[[#This Row],[FechaIngreso]] -> FALSE | M85: =_xlfn.XLOOKUP(TablaDatos[[#This Row],[PacienteID]],'Datos_Ejemplo.csv'!A:A,'Datos_Ejemplo.csv'!I:I) -> 35 | N85: =ABS(TablaDatos[[#This Row],[DiasOriginal]]) -> 35 | O85: =TablaDatos[[#This Row],[FechaIngreso]]+TablaDatos[[#This Row],[DiasNuevo]] -> 45353
A86: 85 | B86: Carmen Martínez | C86: 41274 | D86: 13 | E86: F | F86: Gripe | G86: 45096 | H86: =TablaDatos[[#This Row],[FechaIngreso]]+TablaDatos[[#This Row],[DiasNuevo]] -> 45124 | I86: 28 | J86: N/A | K86: 3814.21 | L86: =TablaDatos[[#This Row],[FechaAlta]] < TablaDatos[[#This Row],[FechaIngreso]] -> FALSE | M86: =_xlfn.XLOOKUP(TablaDatos[[#This Row],[PacienteID]],'Datos_Ejemplo.csv'!A:A,'Datos_Ejemplo.csv'!I:I) -> 28 | N86: =ABS(TablaDatos[[#This Row],[DiasOriginal]]) -> 28 | O86: =TablaDatos[[#This Row],[FechaIngreso]]+TablaDatos[[#This Row],[DiasNuevo]] -> 45124
A87: 86 | B87: Luisa Sánchez | C87: 11689 | D87: 94 | E87: M | F87: Neumonía | G87: 45003 | H87: =TablaDatos[[#This Row],[FechaIngreso]]+TablaDatos[[#This Row],[DiasNuevo]] -> 45029 | I87: 26 | J87: N/A | K87: 1231.87 | L87: =TablaDatos[[#This Row],[FechaAlta]] < TablaDatos[[#This Row],[FechaIngreso]] -> FALSE | M87: =_xlfn.XLOOKUP(TablaDatos[[#This Row],[PacienteID]],'Datos_Ejemplo.csv'!A:A,'Datos_Ejemplo.csv'!I:I) -> 26 | N87: =ABS(TablaDatos[[#This Row],[DiasOriginal]]) -> 26 | O87: =TablaDatos[[#This Row],[FechaIngreso]]+TablaDatos[[#This Row],[DiasNuevo]] -> 45029
A88: 87 | B88: Laura Cruz | C88: 28856 | D88: 47 | E88: F | F88: Gripe | G88: 45223 | H88: =TablaDatos[[#This Row],[FechaIngreso]]+TablaDatos[[#This Row],[DiasNuevo]] -> 45260 | I88: 37 | J88: N/A | K88: 12851.71 | L88: =TablaDatos[[#This Row],[FechaAlta]] < TablaDatos[[#This Row],[FechaIngreso]] -> FALSE | M88: =_xlfn.XLOOKUP(TablaDatos[[#This Row],[PacienteID]],'Datos_Ejemplo.csv'!A:A,'Datos_Ejemplo.csv'!I:I) -> 37 | N88: =ABS(TablaDatos[[#This Row],[DiasOriginal]]) -> 37 | O88: =TablaDatos[[#This Row],[FechaIngreso]]+TablaDatos[[#This Row],[DiasNuevo]] -> 45260
A89: 88 | B89: Carlos Rodríguez | C89: 40909 | D89: 14 | E89: M | F89: No registrado | G89: 45256 | H89: =TablaDatos[[#This Row],[FechaIngreso]]+TablaDatos[[#This Row],[DiasNuevo]] -> 45262 | I89: 6 | J89: N/A | K89: 16971.31 | L89: =TablaDatos[[#This Row],[FechaAlta]] < TablaDatos[[#This Row],[FechaIngreso]] -> FALSE | M89: =_xlfn.XLOOKUP(TablaDatos[[#This Row],[PacienteID]],'Datos_Ejemplo.csv'!A:A,'Datos_Ejemplo.csv'!I:I) -> 6 | N89: =ABS(TablaDatos[[#This Row],[DiasOriginal]]) -> 6 | O89: =TablaDatos[[#This Row],[FechaIngreso]]+TablaDatos[[#This Row],[DiasNuevo]] -> 45262
A90: 89 | B90: Ana Martínez | C90: 20090 | D90: 71 | E90: M | F90: Asma | G90: 44989 | H90: =TablaDatos[[#This Row],[FechaIngreso]]+TablaDatos[[#This Row],[DiasNuevo]] -> 44991 | I90: 2 | J90: N/A | K90: 19057.97 | L90: =TablaDatos[[#This Row],[FechaAlta]] < TablaDatos[[#This Row],[FechaIngreso]] -> FALSE | M90: =_xlfn.XLOOKUP(TablaDatos[[#This Row],[PacienteID]],'Datos_Ejemplo.csv'!A:A,'Datos_Ejemplo.csv'!I:I) -> -2 | N90: =ABS(TablaDatos[[#This Row],[DiasOriginal]]) -> 2 | O90: =TablaDatos[[#This Row],[FechaIngreso]]+TablaDatos[[#This Row],[DiasNuevo]] -> 44991
A91: 90 | B91: Miguel Pérez | C91: 17898 | D91: 77 | E91: M | F91: Diabetes | G91: 45196 | H91: =TablaDatos[[#This Row],[FechaIngreso]]+TablaDatos[[#This Row],[DiasNuevo]] -> 45209 | I91: 13 | J91: N/A | K91: 15320.14 | L91: =TablaDatos[[#This Row],[FechaAlta]] < TablaDatos[[#This Row],[FechaIngreso]] -> FALSE | M91: =_xlfn.XLOOKUP(TablaDatos[[#This Row],[PacienteID]],'Datos_Ejemplo.csv'!A:A,'Datos_Ejemplo.csv'!I:I) -> 13 | N91: =ABS(TablaDatos[[#This Row],[DiasOriginal]]) -> 13 | O91: =TablaDatos[[#This Row],[FechaIngreso]]+TablaDatos[[#This Row],[DiasNuevo]] -> 45209
A92: 91 | B92: Laura Ramírez | C92: 14611 | D92: 86 | E92: F | F92: Neumonía | G92: 45142 | H92: =TablaDatos[[#This Row],[FechaIngreso]]+TablaDatos[[#This Row],[DiasNuevo]] -> 45177 | I92: 35 | J92: N/A | K92: 3912.97 | L92: =TablaDatos[[#This Row],[FechaAlta]] < TablaDatos[[#This Row],[FechaIngreso]] -> FALSE | M92: =_xlfn.XLOOKUP(TablaDatos[[#This Row],[PacienteID]],'Datos_Ejemplo.csv'!A:A,'Datos_Ejemplo.csv'!I:I) -> 35 | N92: =ABS(TablaDatos[[#This Row],[DiasOriginal]]) -> 35 | O92: =TablaDatos[[#This Row],[FechaIngreso]]+TablaDatos[[#This Row],[DiasNuevo]] -> 45177
A93: 92 | B93: Sofía Sánchez | C93: 23742 | D93: 61 | E93: M | F93: Asma | G93: 45116 | H93: =TablaDatos[[#This Row],[FechaIngreso]]+TablaDatos[[#This Row],[DiasNuevo]] -> 45136 | I93: 20 | J93: N/A | K93: 19550.99 | L93: =TablaDatos[[#This Row],[FechaAlta]] < TablaDatos[[#This Row],[FechaIngreso]] -> FALSE | M93: =_xlfn.XLOOKUP(TablaDatos[[#This Row],[PacienteID]],'Datos_Ejemplo.csv'!A:A,'Datos_Ejemplo.csv'!I:I) -> 20 | N93: =ABS(TablaDatos[[#This Row],[DiasOriginal]]) -> 20 | O93: =TablaDatos[[#This Row],[FechaIngreso]]+TablaDatos[[#This Row],[DiasNuevo]] -> 45136
A94: 93 | B94: Laura Martínez | C94: 31778 | D94: 39 | E94: F | F94: Diabetes | G94: 45001 | H94: =TablaDatos[[#This Row],[FechaIngreso]]+TablaDatos[[#This Row],[DiasNuevo]] -> 45006 | I94: 5 | J94: N/A | K94: 18380.66 | L94: =TablaDatos[[#This Row],[FechaAlta]] < TablaDatos[[#This Row],[FechaIngreso]] -> FALSE | M94: =_xlfn.XLOOKUP(TablaDatos[[#This Row],[PacienteID]],'Datos_Ejemplo.csv'!A:A,'Datos_Ejemplo.csv'!I:I) -> 5 | N94: =ABS(TablaDatos[[#This Row],[DiasOriginal]]) -> 5 | O94: =TablaDatos[[#This Row],[FechaIngreso]]+TablaDatos[[#This Row],[DiasNuevo]] -> 45006
A95: 94 | B95: Ricardo López | C95: 15341 | D95: 84 | E95: F | F95: Diabetes | G95: 45612 | H95: =TablaDatos[[#This Row],[FechaIngreso]]+TablaDatos[[#This Row],[DiasNuevo]] -> 45621 | I95: 9 | J95: Publico | K95: 3179.67 | L95: =TablaDatos[[#This Row],[FechaAlta]] < TablaDatos[[#This Row],[FechaIngreso]] -> FALSE | M95: =_xlfn.XLOOKUP(TablaDatos[[#This Row],[PacienteID]],'Datos_Ejemplo.csv'!A:A,'Datos_Ejemplo.csv'!I:I) -> 9 | N95: =ABS(TablaDatos[[#This Row],[DiasOriginal]]) -> 9 | O95: =TablaDatos[[#This Row],[FechaIngreso]]+TablaDatos[[#This Row],[DiasNuevo]] -> 45621
... A153: 152 | B153: Juan Martínez | C153: 31047 | D153: 41 | E153: M | F153: COVID-19 | G153: 45565 | H153: =TablaDatos[[#This Row],[FechaIngreso]]+TablaDatos[[#This Row],[DiasNuevo]] -> 45570 | I153: 5 | J153: N/A | K153: 15200.41 | L153: =TablaDatos[[#This Row],[FechaAlta]] < TablaDatos[[#This Row],[FechaIngreso]] -> FALSE | M153: =_xlfn.XLOOKUP(TablaDatos[[#This Row],[PacienteID]],'Datos_Ejemplo.csv'!A:A,'Datos_Ejemplo.csv'!I:I) -> 5 | N153: =ABS(TablaDatos[[#This Row],[DiasOriginal]]) -> 5 | O153: =TablaDatos[[#This Row],[FechaIngreso]]+TablaDatos[[#This Row],[DiasNuevo]] -> 45570
A154: 153 | B154: José Rodríguez | C154: 18263 | D154: =DATEDIF(TablaDatos[[#This Row],[FechaNacimiento]],TODAY(),"Y") -> 76 | E154: F | F154: No registrado | G154: 45106 | H154: =TablaDatos[[#This Row],[FechaIngreso]]+TablaDatos[[#This Row],[DiasNuevo]] -> 45108 | I154: 2 | J154: Privado | K154: 18752.57 | L154: =TablaDatos[[#This Row],[FechaAlta]] < TablaDatos[[#This Row],[FechaIngreso]] -> FALSE | M154: =_xlfn.XLOOKUP(TablaDatos[[#This Row],[PacienteID]],'Datos_Ejemplo.csv'!A:A,'Datos_Ejemplo.csv'!I:I) -> -2 | N154: =ABS(TablaDatos[[#This Row],[DiasOriginal]]) -> 2 | O154: =TablaDatos[[#This Row],[FechaIngreso]]+TablaDatos[[#This Row],[DiasNuevo]] -> 45108
A155: 154 | B155: Elena Cruz | C155: 27760 | D155: 50 | E155: M | F155: No registrado | G155: 45307 | H155: =TablaDatos[[#This Row],[FechaIngreso]]+TablaDatos[[#This Row],[DiasNuevo]] -> 45318 | I155: 11 | J155: N/A | K155: 7724.13 | L155: =TablaDatos[[#This Row],[FechaAlta]] < TablaDatos[[#This Row],[FechaIngreso]] -> FALSE | M155: =_xlfn.XLOOKUP(TablaDatos[[#This Row],[PacienteID]],'Datos_Ejemplo.csv'!A:A,'Datos_Ejemplo.csv'!I:I) -> 11 | N155: =ABS(TablaDatos[[#This Row],[DiasOriginal]]) -> 11 | O155: =TablaDatos[[#This Row],[FechaIngreso]]+TablaDatos[[#This Row],[DiasNuevo]] -> 45318
A156: 155 | B156: Jorge Morales | C156: 23377 | D156: 62 | E156: F | F156: No registrado | G156: 45348 | H156: =TablaDatos[[#This Row],[FechaIngreso]]+TablaDatos[[#This Row],[DiasNuevo]] -> 45375 | I156: 27 | J156: Publico | K156: 4743.39 | L156: =TablaDatos[[#This Row],[FechaAlta]] < TablaDatos[[#This Row],[FechaIngreso]] -> FALSE | M156: =_xlfn.XLOOKUP(TablaDatos[[#This Row],[PacienteID]],'Datos_Ejemplo.csv'!A:A,'Datos_Ejemplo.csv'!I:I) -> 27 | N156: =ABS(TablaDatos[[#This Row],[DiasOriginal]]) -> 27 | O156: =TablaDatos[[#This Row],[FechaIngreso]]+TablaDatos[[#This Row],[DiasNuevo]] -> 45375
A157: 156 | B157: Ricardo Hernández | C157: 27395 | D157: 51 | E157: M | F157: Diabetes | G157: 45377 | H157: =TablaDatos[[#This Row],[FechaIngreso]]+TablaDatos[[#This Row],[DiasNuevo]] -> 45395 | I157: 18 | J157: Publico | K157: 4448.21 | L157: =TablaDatos[[#This Row],[FechaAlta]] < TablaDatos[[#This Row],[FechaIngreso]] -> FALSE | M157: =_xlfn.XLOOKUP(TablaDatos[[#This Row],[PacienteID]],'Datos_Ejemplo.csv'!A:A,'Datos_Ejemplo.csv'!I:I) -> 18 | N157: =ABS(TablaDatos[[#This Row],[DiasOriginal]]) -> 18 | O157: =TablaDatos[[#This Row],[FechaIngreso]]+TablaDatos[[#This Row],[DiasNuevo]] -> 45395
A158: 157 | B158: Ana Ramírez | C158: 44927 | D158: 3 | E158: M | F158: No registrado | G158: 45019 | H158: =TablaDatos[[#This Row],[FechaIngreso]]+TablaDatos[[#This Row],[DiasNuevo]] -> 45037 | I158: 18 | J158: N/A | K158: 9783.52 | L158: =TablaDatos[[#This Row],[FechaAlta]] < TablaDatos[[#This Row],[FechaIngreso]] -> FALSE | M158: =_xlfn.XLOOKUP(TablaDatos[[#This Row],[PacienteID]],'Datos_Ejemplo.csv'!A:A,'Datos_Ejemplo.csv'!I:I) -> 18 | N158: =ABS(TablaDatos[[#This Row],[DiasOriginal]]) -> 18 | O158: =TablaDatos[[#This Row],[FechaIngreso]]+TablaDatos[[#This Row],[DiasNuevo]] -> 45037
A159: 158 | B159: Pedro Cruz | C159: 12054 | D159: 93 | E159: M | F159: Diabetes | G159: 45446 | H159: =TablaDatos[[#This Row],[FechaIngreso]]+TablaDatos[[#This Row],[DiasNuevo]] -> 45477 | I159: 31 | J159: Privado | K159: 3334.83 | L159: =TablaDatos[[#This Row],[FechaAlta]] < TablaDatos[[#This Row],[FechaIngreso]] -> FALSE | M159: =_xlfn.XLOOKUP(TablaDatos[[#This Row],[PacienteID]],'Datos_Ejemplo.csv'!A:A,'Datos_Ejemplo.csv'!I:I) -> 31 | N159: =ABS(TablaDatos[[#This Row],[DiasOriginal]]) -> 31 | O159: =TablaDatos[[#This Row],[FechaIngreso]]+TablaDatos[[#This Row],[DiasNuevo]] -> 45477
A160: 159 | B160: Elena Hernández | C160: 37987 | D160: =DATEDIF(TablaDatos[[#This Row],[FechaNacimiento]],TODAY(),"Y") -> 22 | E160: M | F160: Asma | G160: 45339 | H160: =TablaDatos[[#This Row],[FechaIngreso]]+TablaDatos[[#This Row],[DiasNuevo]] -> 45374 | I160: 35 | J160: Publico | K160: 13425.76 | L160: =TablaDatos[[#This Row],[FechaAlta]] < TablaDatos[[#This Row],[FechaIngreso]] -> FALSE | M160: =_xlfn.XLOOKUP(TablaDatos[[#This Row],[PacienteID]],'Datos_Ejemplo.csv'!A:A,'Datos_Ejemplo.csv'!I:I) -> 35 | N160: =ABS(TablaDatos[[#This Row],[DiasOriginal]]) -> 35 | O160: =TablaDatos[[#This Row],[FechaIngreso]]+TablaDatos[[#This Row],[DiasNuevo]] -> 45374
A161: 160 | B161: Laura Hernández | C161: 40909 | D161: 14 | E161: No especificado | F161: Gripe | G161: 45320 | H161: =TablaDatos[[#This Row],[FechaIngreso]]+TablaDatos[[#This Row],[DiasNuevo]] -> 45343 | I161: 23 | J161: N/A | K161: 7303.88 | L161: =TablaDatos[[#This Row],[FechaAlta]] < TablaDatos[[#This Row],[FechaIngreso]] -> FALSE | M161: =_xlfn.XLOOKUP(TablaDatos[[#This Row],[PacienteID]],'Datos_Ejemplo.csv'!A:A,'Datos_Ejemplo.csv'!I:I) -> 23 | N161: =ABS(TablaDatos[[#This Row],[DiasOriginal]]) -> 23 | O161: =TablaDatos[[#This Row],[FechaIngreso]]+TablaDatos[[#This Row],[DiasNuevo]] -> 45343
A162: 161 | B162: Pedro Martínez | C162: 30682 | D162: 42 | E162: M | F162: No registrado | G162: 45257 | H162: =TablaDatos[[#This Row],[FechaIngreso]]+TablaDatos[[#This Row],[DiasNuevo]] -> 45295 | I162: 38 | J162: N/A | K162: 6394.5 | L162: =TablaDatos[[#This Row],[FechaAlta]] < TablaDatos[[#This Row],[FechaIngreso]] -> FALSE | M162: =_xlfn.XLOOKUP(TablaDatos[[#This Row],[PacienteID]],'Datos_Ejemplo.csv'!A:A,'Datos_Ejemplo.csv'!I:I) -> 38 | N162: =ABS(TablaDatos[[#This Row],[DiasOriginal]]) -> 38 | O162: =TablaDatos[[#This Row],[FechaIngreso]]+TablaDatos[[#This Row],[DiasNuevo]] -> 45295
A163: 162 | B163: Ricardo Rodríguez | C163: 35795 | D163: 28 | E163: F | F163: No registrado | G163: 45634 | H163: =TablaDatos[[#This Row],[FechaIngreso]]+TablaDatos[[#This Row],[DiasNuevo]] -> 45645 | I163: 11 | J163: N/A | K163: 9171.84 | L163: =TablaDatos[[#This Row],[FechaAlta]] < TablaDatos[[#This Row],[FechaIngreso]] -> FALSE | M163: =_xlfn.XLOOKUP(TablaDatos[[#This Row],[PacienteID]],'Datos_Ejemplo.csv'!A:A,'Datos_Ejemplo.csv'!I:I) -> 11 | N163: =ABS(TablaDatos[[#This Row],[DiasOriginal]]) -> 11 | O163: =TablaDatos[[#This Row],[FechaIngreso]]+TablaDatos[[#This Row],[DiasNuevo]] -> 45645
A164: 163 | B164: Jorge Rodríguez | C164: 33239 | D164: 35 | E164: No especificado | F164: COVID-19 | G164: 45359 | H164: =TablaDatos[[#This Row],[FechaIngreso]]+TablaDatos[[#This Row],[DiasNuevo]] -> 45396 | I164: 37 | J164: Privado | K164: 10806.01 | L164: =TablaDatos[[#This Row],[FechaAlta]] < TablaDatos[[#This Row],[FechaIngreso]] -> FALSE | M164: =_xlfn.XLOOKUP(TablaDatos[[#This Row],[PacienteID]],'Datos_Ejemplo.csv'!A:A,'Datos_Ejemplo.csv'!I:I) -> 37 | N164: =ABS(TablaDatos[[#This Row],[DiasOriginal]]) -> 37 | O164: =TablaDatos[[#This Row],[FechaIngreso]]+TablaDatos[[#This Row],[DiasNuevo]] -> 45396
A165: 164 | B165: Elena Hernández | C165: 41639 | D165: 12 | E165: M | F165: Hipertensión | G165: 45089 | H165: =TablaDatos[[#This Row],[FechaIngreso]]+TablaDatos[[#This Row],[DiasNuevo]] -> 45121 | I165: 32 | J165: Privado | K165: 2752.8 | L165: =TablaDatos[[#This Row],[FechaAlta]] < TablaDatos[[#This Row],[FechaIngreso]] -> FALSE | M165: =_xlfn.XLOOKUP(TablaDatos[[#This Row],[PacienteID]],'Datos_Ejemplo.csv'!A:A,'Datos_Ejemplo.csv'!I:I) -> 32 | N165: =ABS(TablaDatos[[#This Row],[DiasOriginal]]) -> 32 | O165: =TablaDatos[[#This Row],[FechaIngreso]]+TablaDatos[[#This Row],[DiasNuevo]] -> 45121
A166: 165 | B166: María Hernández | C166: 34700 | D166: 31 | E166: F | F166: Gripe | G166: 44966 | H166: =TablaDatos[[#This Row],[FechaIngreso]]+TablaDatos[[#This Row],[DiasNuevo]] -> 45005 | I166: 39 | J166: Privado | K166: 14126.04 | L166: =TablaDatos[[#This Row],[FechaAlta]] < TablaDatos[[#This Row],[FechaIngreso]] -> FALSE | M166: =_xlfn.XLOOKUP(TablaDatos[[#This Row],[PacienteID]],'Datos_Ejemplo.csv'!A:A,'Datos_Ejemplo.csv'!I:I) -> 39 | N166: =ABS(TablaDatos[[#This Row],[DiasOriginal]]) -> 39 | O166: =TablaDatos[[#This Row],[FechaIngreso]]+TablaDatos[[#This Row],[DiasNuevo]] -> 45005
A167: 166 | B167: Elena Hernández | C167: 20455 | D167: 70 | E167: M | F167: COVID-19 | G167: 45011 | H167: =TablaDatos[[#This Row],[FechaIngreso]]+TablaDatos[[#This Row],[DiasNuevo]] -> 45026 | I167: 15 | J167: Publico | K167: 17647.24 | L167: =TablaDatos[[#This Row],[FechaAlta]] < TablaDatos[[#This Row],[FechaIngreso]] -> FALSE | M167: =_xlfn.XLOOKUP(TablaDatos[[#This Row],[PacienteID]],'Datos_Ejemplo.csv'!A:A,'Datos_Ejemplo.csv'!I:I) -> 15 | N167: =ABS(TablaDatos[[#This Row],[DiasOriginal]]) -> 15 | O167: =TablaDatos[[#This Row],[FechaIngreso]]+TablaDatos[[#This Row],[DiasNuevo]] -> 45026
A168: 167 | B168: Pedro Ramírez | C168: 24838 | D168: 58 | E168: M | F168: Asma | G168: 45516 | H168: =TablaDatos[[#This Row],[FechaIngreso]]+TablaDatos[[#This Row],[DiasNuevo]] -> 45533 | I168: 17 | J168: N/A | K168: 5487.54 | L168: =TablaDatos[[#This Row],[FechaAlta]] < TablaDatos[[#This Row],[FechaIngreso]] -> FALSE | M168: =_xlfn.XLOOKUP(TablaDatos[[#This Row],[PacienteID]],'Datos_Ejemplo.csv'!A:A,'Datos_Ejemplo.csv'!I:I) -> 17 | N168: =ABS(TablaDatos[[#This Row],[DiasOriginal]]) -> 17 | O168: =TablaDatos[[#This Row],[FechaIngreso]]+TablaDatos[[#This Row],[DiasNuevo]] -> 45533
...
